account_id,account_name,industry,country,signup_date,referral_source,plan_tier,seats,is_trial,churn_flag,total_support_tickets,avg_resolution_time_hours,avg_satisfaction_score,total_escalated_tickets,total_feature_clicks,total_system_errors,reason_code,feedback_text
A-2e4581,Company_0,EdTech,US,2024-10-16,partner,Basic,9,False,False,2.0,23.0,3.0,0.0,535,38,budget,switched to competitor
A-2e4581,Company_0,EdTech,US,2024-10-16,partner,Basic,9,False,False,2.0,23.0,3.0,0.0,535,38,competitor,None
A-43a9e3,Company_1,FinTech,IN,2023-08-17,other,Basic,18,False,True,3.0,38.0,4.0,0.0,355,14,Active,None
A-0a282f,Company_2,DevTools,US,2024-08-27,organic,Basic,1,False,False,3.0,43.666666666666664,4.666666666666667,0.0,821,48,features,switched to competitor
A-0a282f,Company_2,DevTools,US,2024-08-27,organic,Basic,1,False,False,3.0,43.666666666666664,4.666666666666667,0.0,821,48,support,too expensive
A-1f0ac7,Company_3,HealthTech,UK,2023-08-27,other,Basic,24,True,False,2.0,29.0,,0.0,382,21,support,missing features
A-ce550d,Company_4,HealthTech,US,2024-10-27,event,Enterprise,35,False,True,7.0,42.285714285714285,3.8,1.0,579,31,budget,too expensive
A-1b9609,Company_5,EdTech,IN,2023-10-12,ads,Enterprise,4,False,False,4.0,43.0,3.0,0.0,457,21,unknown,None
A-1b9609,Company_5,EdTech,IN,2023-10-12,ads,Enterprise,4,False,False,4.0,43.0,3.0,0.0,457,21,pricing,too expensive
A-1b9609,Company_5,EdTech,IN,2023-10-12,ads,Enterprise,4,False,False,4.0,43.0,3.0,0.0,457,21,unknown,switched to competitor
A-a0ca4e,Company_6,Cybersecurity,US,2024-03-08,ads,Pro,11,False,False,6.0,39.166666666666664,3.8,3.0,373,14,Active,None
A-e5d6ab,Company_7,EdTech,US,2023-04-15,partner,Pro,3,False,False,3.0,42.666666666666664,,0.0,382,23,features,switched to competitor
A-e5d6ab,Company_7,EdTech,US,2023-04-15,partner,Pro,3,False,False,3.0,42.666666666666664,,0.0,382,23,competitor,None
A-7dacce,Company_8,Cybersecurity,CA,2024-09-10,event,Enterprise,12,False,True,4.0,32.5,3.6666666666666665,0.0,472,29,features,None
A-7dacce,Company_8,Cybersecurity,CA,2024-09-10,event,Enterprise,12,False,True,4.0,32.5,3.6666666666666665,0.0,472,29,unknown,switched to competitor
A-7dacce,Company_8,Cybersecurity,CA,2024-09-10,event,Enterprise,12,False,True,4.0,32.5,3.6666666666666665,0.0,472,29,budget,missing features
A-10b8da,Company_9,DevTools,US,2023-05-08,partner,Enterprise,14,False,True,3.0,31.333333333333332,3.5,0.0,257,14,Active,None
A-592832,Company_10,Cybersecurity,US,2024-09-25,organic,Basic,18,False,True,3.0,32.666666666666664,5.0,0.0,1053,55,support,switched to competitor
A-d40bf7,Company_11,FinTech,IN,2024-11-08,organic,Basic,59,False,False,2.0,20.5,5.0,0.0,562,22,Active,None
A-6c093d,Company_12,DevTools,US,2023-04-14,partner,Basic,7,True,False,3.0,40.333333333333336,5.0,1.0,670,30,Active,None
A-462d45,Company_13,Cybersecurity,US,2024-01-15,partner,Enterprise,11,True,False,4.0,26.75,4.0,0.0,642,26,competitor,missing features
A-956988,Company_14,EdTech,UK,2024-11-30,ads,Enterprise,1,False,False,2.0,50.5,3.0,0.0,658,49,unknown,too expensive
A-956988,Company_14,EdTech,UK,2024-11-30,ads,Enterprise,1,False,False,2.0,50.5,3.0,0.0,658,49,budget,missing features
A-ac14bb,Company_15,FinTech,US,2023-09-08,partner,Enterprise,21,False,False,2.0,24.5,4.0,0.0,531,42,competitor,too expensive
A-ac14bb,Company_15,FinTech,US,2023-09-08,partner,Enterprise,21,False,False,2.0,24.5,4.0,0.0,531,42,pricing,switched to competitor
A-463db0,Company_16,HealthTech,US,2024-12-05,partner,Basic,15,False,False,6.0,50.166666666666664,4.25,1.0,367,13,features,None
A-ce66f8,Company_17,EdTech,CA,2023-08-23,event,Pro,29,False,False,6.0,41.666666666666664,3.5,0.0,494,19,Active,None
A-c4ea60,Company_18,FinTech,DE,2023-03-09,other,Enterprise,18,False,True,5.0,36.0,3.6,0.0,427,18,Active,None
A-832ec2,Company_19,FinTech,UK,2023-11-19,event,Enterprise,4,True,False,3.0,26.0,4.0,1.0,511,25,unknown,too expensive
A-832ec2,Company_19,FinTech,UK,2023-11-19,event,Enterprise,4,True,False,3.0,26.0,4.0,1.0,511,25,pricing,switched to competitor
A-684255,Company_20,FinTech,US,2024-04-14,ads,Enterprise,9,False,False,4.0,14.25,4.666666666666667,1.0,653,44,unknown,too expensive
A-684255,Company_20,FinTech,US,2024-04-14,ads,Enterprise,9,False,False,4.0,14.25,4.666666666666667,1.0,653,44,budget,missing features
A-c42f1f,Company_21,HealthTech,US,2024-07-28,other,Pro,8,False,False,9.0,31.333333333333332,4.0,1.0,337,20,Active,None
A-4e44e8,Company_22,DevTools,US,2024-08-20,ads,Enterprise,3,False,True,3.0,31.333333333333332,3.3333333333333335,0.0,687,37,budget,switched to competitor
A-4e44e8,Company_22,DevTools,US,2024-08-20,ads,Enterprise,3,False,True,3.0,31.333333333333332,3.3333333333333335,0.0,687,37,features,too expensive
A-30b4ca,Company_23,EdTech,IN,2024-05-20,organic,Basic,86,False,True,3.0,57.666666666666664,4.0,0.0,402,22,features,None
A-9f2731,Company_24,FinTech,IN,2024-10-04,event,Enterprise,1,False,False,0.0,0.0,,0.0,324,20,features,None
A-9f2731,Company_24,FinTech,IN,2024-10-04,event,Enterprise,1,False,False,0.0,0.0,,0.0,324,20,unknown,missing features
A-32fb14,Company_25,DevTools,US,2023-03-07,event,Enterprise,26,False,True,5.0,34.0,4.5,0.0,488,19,budget,switched to competitor
A-32fb14,Company_25,DevTools,US,2023-03-07,event,Enterprise,26,False,True,5.0,34.0,4.5,0.0,488,19,features,too expensive
A-32fb14,Company_25,DevTools,US,2023-03-07,event,Enterprise,26,False,True,5.0,34.0,4.5,0.0,488,19,competitor,too expensive
A-00cac8,Company_26,HealthTech,AU,2023-09-15,organic,Enterprise,8,True,False,2.0,33.0,,0.0,602,31,Active,None
A-35083d,Company_27,HealthTech,IN,2023-04-28,partner,Basic,19,False,True,4.0,49.75,5.0,0.0,791,37,Active,None
A-eb7fac,Company_28,DevTools,US,2023-10-28,organic,Enterprise,7,False,False,4.0,34.0,4.0,0.0,538,44,unknown,switched to competitor
A-b20d99,Company_29,HealthTech,IN,2023-09-27,other,Basic,20,False,False,2.0,61.5,3.5,0.0,329,12,features,missing features
A-396e5f,Company_30,Cybersecurity,CA,2024-10-02,other,Enterprise,2,False,False,5.0,24.8,4.0,1.0,540,23,features,too expensive
A-45ce7a,Company_31,FinTech,US,2023-07-23,ads,Enterprise,16,False,False,5.0,45.4,3.6666666666666665,0.0,424,30,Active,None
A-08e34e,Company_32,EdTech,US,2024-06-27,event,Basic,14,False,True,3.0,43.0,3.0,0.0,651,32,competitor,switched to competitor
A-08e34e,Company_32,EdTech,US,2024-06-27,event,Basic,14,False,True,3.0,43.0,3.0,0.0,651,32,features,missing features
A-8145a0,Company_33,Cybersecurity,AU,2023-04-25,partner,Basic,2,True,False,6.0,23.666666666666668,4.0,0.0,693,27,features,missing features
A-bad8c1,Company_34,FinTech,AU,2023-03-01,organic,Basic,7,False,False,1.0,27.0,4.0,0.0,385,11,unknown,too expensive
A-44dc83,Company_35,EdTech,FR,2024-05-12,other,Basic,5,False,False,7.0,40.857142857142854,4.6,0.0,248,13,unknown,missing features
A-f446b6,Company_36,DevTools,DE,2023-05-12,ads,Pro,5,True,False,8.0,30.75,4.25,1.0,376,31,Active,None
A-a45270,Company_37,HealthTech,US,2024-06-24,ads,Enterprise,3,False,False,4.0,64.0,4.0,0.0,733,53,pricing,missing features
A-854864,Company_38,FinTech,IN,2024-12-07,event,Enterprise,20,False,False,5.0,44.2,4.8,0.0,248,10,support,switched to competitor
A-1b7577,Company_39,Cybersecurity,US,2024-10-27,other,Pro,4,False,False,5.0,27.2,4.0,0.0,647,33,Active,None
A-05f0e5,Company_40,FinTech,US,2023-05-04,partner,Basic,32,False,False,4.0,20.0,4.0,0.0,706,46,features,None
A-05f0e5,Company_40,FinTech,US,2023-05-04,partner,Basic,32,False,False,4.0,20.0,4.0,0.0,706,46,unknown,missing features
A-9077b0,Company_41,HealthTech,US,2024-08-25,ads,Basic,2,False,False,3.0,40.333333333333336,4.333333333333333,0.0,493,31,Active,None
A-7f8241,Company_42,EdTech,US,2023-03-14,organic,Pro,34,False,True,1.0,36.0,3.0,0.0,734,38,Active,None
A-2bc93d,Company_43,HealthTech,US,2023-03-14,event,Basic,14,False,False,2.0,12.0,4.5,0.0,666,31,pricing,missing features
A-2bc93d,Company_43,HealthTech,US,2023-03-14,event,Basic,14,False,False,2.0,12.0,4.5,0.0,666,31,competitor,switched to competitor
A-f3ff05,Company_44,FinTech,IN,2024-07-06,other,Enterprise,2,False,False,3.0,42.666666666666664,3.5,0.0,672,36,unknown,too expensive
A-2d4502,Company_45,FinTech,IN,2024-04-29,event,Basic,7,False,False,3.0,26.333333333333332,5.0,0.0,465,19,pricing,None
A-6a4e2d,Company_46,EdTech,UK,2023-04-07,partner,Pro,9,False,False,2.0,18.5,4.5,1.0,597,31,budget,None
A-eb7c38,Company_47,DevTools,AU,2024-02-25,organic,Enterprise,5,False,False,5.0,22.4,4.333333333333333,0.0,693,27,budget,None
A-c37601,Company_48,EdTech,US,2024-10-31,partner,Basic,6,True,False,4.0,42.25,3.6666666666666665,0.0,489,21,support,switched to competitor
A-3b5cd1,Company_49,FinTech,US,2023-09-12,event,Basic,13,True,False,5.0,27.4,4.0,0.0,523,24,unknown,missing features
A-3b5cd1,Company_49,FinTech,US,2023-09-12,event,Basic,13,True,False,5.0,27.4,4.0,0.0,523,24,support,too expensive
A-3b5cd1,Company_49,FinTech,US,2023-09-12,event,Basic,13,True,False,5.0,27.4,4.0,0.0,523,24,pricing,missing features
A-b2225d,Company_50,FinTech,US,2024-03-08,ads,Basic,47,False,True,2.0,42.0,3.0,0.0,696,60,budget,None
A-b2225d,Company_50,FinTech,US,2024-03-08,ads,Basic,47,False,True,2.0,42.0,3.0,0.0,696,60,pricing,too expensive
A-b2225d,Company_50,FinTech,US,2024-03-08,ads,Basic,47,False,True,2.0,42.0,3.0,0.0,696,60,support,switched to competitor
A-94f8c9,Company_51,HealthTech,US,2024-03-29,other,Basic,13,False,False,3.0,47.333333333333336,5.0,0.0,746,63,budget,None
A-02fac6,Company_52,FinTech,US,2023-04-06,event,Pro,22,False,False,6.0,23.333333333333332,4.0,0.0,514,34,support,missing features
A-c1dfe1,Company_53,DevTools,DE,2023-08-07,ads,Pro,26,False,False,3.0,50.333333333333336,4.0,0.0,375,30,features,missing features
A-c1dfe1,Company_53,DevTools,DE,2023-08-07,ads,Pro,26,False,False,3.0,50.333333333333336,4.0,0.0,375,30,pricing,missing features
A-32728c,Company_54,DevTools,US,2023-01-03,event,Pro,20,False,True,2.0,34.5,3.5,0.0,418,22,support,None
A-32728c,Company_54,DevTools,US,2023-01-03,event,Pro,20,False,True,2.0,34.5,3.5,0.0,418,22,pricing,switched to competitor
A-32728c,Company_54,DevTools,US,2023-01-03,event,Pro,20,False,True,2.0,34.5,3.5,0.0,418,22,budget,missing features
A-4c38bc,Company_55,HealthTech,UK,2024-03-09,event,Basic,36,False,True,3.0,48.333333333333336,3.5,0.0,818,27,Active,None
A-1b707d,Company_56,Cybersecurity,US,2023-07-14,organic,Enterprise,1,False,False,3.0,42.666666666666664,,0.0,399,12,competitor,missing features
A-6f8ad2,Company_57,EdTech,IN,2024-07-09,organic,Basic,1,False,False,4.0,35.25,4.333333333333333,0.0,924,59,Active,None
A-4d1e75,Company_58,DevTools,US,2024-08-21,other,Basic,20,False,False,2.0,15.0,4.0,0.0,477,25,budget,missing features
A-9ee962,Company_59,HealthTech,US,2023-02-28,ads,Basic,9,False,True,3.0,37.0,4.0,0.0,439,17,support,None
A-378b99,Company_60,EdTech,UK,2024-09-01,ads,Pro,8,True,False,6.0,28.5,4.5,0.0,565,38,pricing,switched to competitor
A-94d3da,Company_61,HealthTech,US,2023-05-03,other,Basic,41,False,False,6.0,26.833333333333332,3.5,0.0,464,25,competitor,switched to competitor
A-e351e1,Company_62,EdTech,US,2024-09-26,other,Enterprise,33,False,False,4.0,17.0,3.75,0.0,295,22,budget,switched to competitor
A-e351e1,Company_62,EdTech,US,2024-09-26,other,Enterprise,33,False,False,4.0,17.0,3.75,0.0,295,22,support,None
A-e351e1,Company_62,EdTech,US,2024-09-26,other,Enterprise,33,False,False,4.0,17.0,3.75,0.0,295,22,unknown,missing features
A-9badbd,Company_63,Cybersecurity,DE,2024-06-19,ads,Enterprise,5,True,False,5.0,30.2,5.0,0.0,729,45,Active,None
A-7e0a10,Company_64,FinTech,US,2023-11-18,ads,Enterprise,46,False,False,5.0,39.4,4.0,0.0,511,35,budget,missing features
A-118d55,Company_65,Cybersecurity,US,2024-10-22,organic,Basic,8,False,False,5.0,24.2,4.333333333333333,0.0,599,33,pricing,too expensive
A-118d55,Company_65,Cybersecurity,US,2024-10-22,organic,Basic,8,False,False,5.0,24.2,4.333333333333333,0.0,599,33,unknown,missing features
A-526d93,Company_66,HealthTech,FR,2024-04-14,organic,Basic,43,False,False,5.0,51.4,3.5,1.0,565,45,features,None
A-526d93,Company_66,HealthTech,FR,2024-04-14,organic,Basic,43,False,False,5.0,51.4,3.5,1.0,565,45,support,missing features
A-526d93,Company_66,HealthTech,FR,2024-04-14,organic,Basic,43,False,False,5.0,51.4,3.5,1.0,565,45,support,switched to competitor
A-f92792,Company_67,FinTech,US,2024-07-04,ads,Pro,1,False,False,2.0,45.0,4.0,0.0,528,31,features,None
A-84ebe4,Company_68,FinTech,US,2023-03-12,ads,Pro,18,True,True,4.0,29.5,4.0,0.0,396,26,budget,switched to competitor
A-84ebe4,Company_68,FinTech,US,2023-03-12,ads,Pro,18,True,True,4.0,29.5,4.0,0.0,396,26,support,missing features
A-5b4ebb,Company_69,Cybersecurity,UK,2024-07-10,other,Basic,21,True,True,5.0,35.4,4.75,0.0,692,25,Active,None
A-2922b6,Company_70,HealthTech,US,2024-11-14,organic,Basic,15,False,False,2.0,15.5,4.0,0.0,393,13,competitor,missing features
A-9b9fe9,Company_71,EdTech,AU,2023-09-28,other,Basic,5,False,False,4.0,33.5,4.0,0.0,597,22,features,switched to competitor
A-9b9fe9,Company_71,EdTech,AU,2023-09-28,other,Basic,5,False,False,4.0,33.5,4.0,0.0,597,22,features,too expensive
A-a8b49c,Company_72,Cybersecurity,UK,2023-10-06,partner,Basic,7,False,False,1.0,72.0,4.0,0.0,545,43,features,missing features
A-9174e0,Company_73,Cybersecurity,US,2024-12-04,partner,Basic,37,False,False,2.0,39.0,5.0,0.0,689,61,Active,None
A-a1bbb6,Company_74,DevTools,CA,2023-04-05,organic,Basic,1,False,False,3.0,17.666666666666668,4.0,0.0,366,20,Active,None
A-c45b23,Company_75,FinTech,UK,2023-12-08,partner,Basic,5,False,False,3.0,36.666666666666664,3.0,0.0,581,30,support,missing features
A-02cd81,Company_76,HealthTech,IN,2024-03-28,other,Basic,44,False,False,3.0,17.333333333333332,4.5,1.0,684,28,pricing,None
A-ee42db,Company_77,EdTech,DE,2023-04-25,ads,Enterprise,13,False,False,4.0,33.75,3.0,0.0,511,33,pricing,too expensive
A-ee42db,Company_77,EdTech,DE,2023-04-25,ads,Enterprise,13,False,False,4.0,33.75,3.0,0.0,511,33,pricing,missing features
A-ee42db,Company_77,EdTech,DE,2023-04-25,ads,Enterprise,13,False,False,4.0,33.75,3.0,0.0,511,33,unknown,None
A-ee42db,Company_77,EdTech,DE,2023-04-25,ads,Enterprise,13,False,False,4.0,33.75,3.0,0.0,511,33,support,missing features
A-432483,Company_78,Cybersecurity,US,2023-02-06,ads,Pro,4,False,False,1.0,51.0,,0.0,451,28,Active,None
A-9208f0,Company_79,EdTech,US,2023-05-11,organic,Pro,1,False,True,8.0,41.25,3.3333333333333335,1.0,538,31,features,switched to competitor
A-9208f0,Company_79,EdTech,US,2023-05-11,organic,Pro,1,False,True,8.0,41.25,3.3333333333333335,1.0,538,31,features,too expensive
A-9208f0,Company_79,EdTech,US,2023-05-11,organic,Pro,1,False,True,8.0,41.25,3.3333333333333335,1.0,538,31,unknown,too expensive
A-9208f0,Company_79,EdTech,US,2023-05-11,organic,Pro,1,False,True,8.0,41.25,3.3333333333333335,1.0,538,31,budget,too expensive
A-98a59a,Company_80,FinTech,UK,2023-08-04,partner,Enterprise,56,False,False,3.0,37.333333333333336,4.5,0.0,455,21,support,switched to competitor
A-fe79a5,Company_81,HealthTech,IN,2024-02-21,ads,Basic,9,True,False,4.0,28.5,5.0,0.0,335,17,Active,None
A-726cfa,Company_82,DevTools,US,2023-07-01,partner,Pro,11,False,False,3.0,35.666666666666664,4.0,0.0,993,45,support,too expensive
A-c43359,Company_83,FinTech,US,2024-11-16,organic,Pro,38,False,False,3.0,26.666666666666668,4.0,0.0,461,32,support,missing features
A-c43359,Company_83,FinTech,US,2024-11-16,organic,Pro,38,False,False,3.0,26.666666666666668,4.0,0.0,461,32,unknown,too expensive
A-271f46,Company_84,DevTools,US,2023-02-09,event,Pro,38,False,True,1.0,36.0,,0.0,373,16,features,missing features
A-271f46,Company_84,DevTools,US,2023-02-09,event,Pro,38,False,True,1.0,36.0,,0.0,373,16,support,None
A-157070,Company_85,FinTech,US,2023-11-09,ads,Pro,16,False,False,3.0,42.333333333333336,3.0,1.0,696,26,features,too expensive
A-157070,Company_85,FinTech,US,2023-11-09,ads,Pro,16,False,False,3.0,42.333333333333336,3.0,1.0,696,26,features,too expensive
A-40a557,Company_86,Cybersecurity,AU,2023-12-03,partner,Pro,16,True,False,7.0,30.571428571428573,3.6666666666666665,0.0,402,17,budget,switched to competitor
A-66224b,Company_87,HealthTech,US,2024-10-18,other,Pro,92,True,False,6.0,39.833333333333336,3.5,0.0,626,29,Active,None
A-91e948,Company_88,EdTech,AU,2023-01-29,partner,Basic,41,False,False,0.0,0.0,,0.0,404,16,Active,None
A-104f1a,Company_89,Cybersecurity,US,2024-08-17,other,Pro,24,False,False,5.0,33.2,3.75,1.0,438,22,support,too expensive
A-104f1a,Company_89,Cybersecurity,US,2024-08-17,other,Pro,24,False,False,5.0,33.2,3.75,1.0,438,22,features,switched to competitor
A-104f1a,Company_89,Cybersecurity,US,2024-08-17,other,Pro,24,False,False,5.0,33.2,3.75,1.0,438,22,unknown,missing features
A-7988d1,Company_90,Cybersecurity,US,2023-12-20,other,Basic,33,False,False,3.0,35.333333333333336,4.333333333333333,0.0,449,28,competitor,too expensive
A-7988d1,Company_90,Cybersecurity,US,2023-12-20,other,Basic,33,False,False,3.0,35.333333333333336,4.333333333333333,0.0,449,28,unknown,missing features
A-7988d1,Company_90,Cybersecurity,US,2023-12-20,other,Basic,33,False,False,3.0,35.333333333333336,4.333333333333333,0.0,449,28,budget,too expensive
A-faa28c,Company_91,HealthTech,US,2024-01-30,organic,Enterprise,48,False,False,4.0,52.25,4.666666666666667,1.0,585,24,features,None
A-faa28c,Company_91,HealthTech,US,2024-01-30,organic,Enterprise,48,False,False,4.0,52.25,4.666666666666667,1.0,585,24,features,missing features
A-f25509,Company_92,EdTech,US,2024-03-22,other,Enterprise,32,False,False,6.0,42.666666666666664,4.666666666666667,0.0,229,15,pricing,missing features
A-f25509,Company_92,EdTech,US,2024-03-22,other,Enterprise,32,False,False,6.0,42.666666666666664,4.666666666666667,0.0,229,15,features,None
A-f25509,Company_92,EdTech,US,2024-03-22,other,Enterprise,32,False,False,6.0,42.666666666666664,4.666666666666667,0.0,229,15,features,None
A-3a7284,Company_93,FinTech,US,2024-11-17,organic,Enterprise,31,False,False,3.0,56.333333333333336,3.5,0.0,609,30,unknown,missing features
A-3a5ad8,Company_94,HealthTech,US,2023-12-05,organic,Enterprise,9,True,False,4.0,44.75,4.5,0.0,506,23,Active,None
A-65a46c,Company_95,HealthTech,US,2023-11-04,event,Pro,1,False,False,8.0,45.125,4.0,0.0,370,21,Active,None
A-8b25f2,Company_96,Cybersecurity,US,2024-02-17,ads,Pro,6,False,True,2.0,35.5,4.0,0.0,565,20,Active,None
A-fabe19,Company_97,DevTools,UK,2024-11-11,ads,Enterprise,1,False,False,3.0,40.666666666666664,4.0,0.0,337,16,Active,None
A-adc1f3,Company_98,Cybersecurity,US,2024-08-05,organic,Pro,2,False,False,3.0,47.333333333333336,3.5,0.0,334,26,Active,None
A-503d5a,Company_99,FinTech,US,2023-10-21,other,Enterprise,4,False,True,9.0,36.55555555555556,4.0,0.0,605,32,Active,None
A-fd7ad3,Company_100,Cybersecurity,US,2024-11-01,event,Enterprise,1,False,False,8.0,48.75,4.166666666666667,1.0,567,42,support,missing features
A-fd7ad3,Company_100,Cybersecurity,US,2024-11-01,event,Enterprise,1,False,False,8.0,48.75,4.166666666666667,1.0,567,42,support,too expensive
A-fd7ad3,Company_100,Cybersecurity,US,2024-11-01,event,Enterprise,1,False,False,8.0,48.75,4.166666666666667,1.0,567,42,unknown,None
A-fd7ad3,Company_100,Cybersecurity,US,2024-11-01,event,Enterprise,1,False,False,8.0,48.75,4.166666666666667,1.0,567,42,pricing,switched to competitor
A-186a44,Company_101,HealthTech,US,2023-08-07,ads,Enterprise,20,False,False,7.0,38.285714285714285,3.5,0.0,614,25,Active,None
A-e888d1,Company_102,Cybersecurity,US,2023-03-28,other,Pro,14,False,False,5.0,43.0,4.0,1.0,552,36,support,missing features
A-e888d1,Company_102,Cybersecurity,US,2023-03-28,other,Pro,14,False,False,5.0,43.0,4.0,1.0,552,36,budget,too expensive
A-e888d1,Company_102,Cybersecurity,US,2023-03-28,other,Pro,14,False,False,5.0,43.0,4.0,1.0,552,36,features,switched to competitor
A-69fad4,Company_103,FinTech,UK,2023-04-06,ads,Basic,6,False,True,4.0,43.0,3.6666666666666665,0.0,412,24,support,None
A-9289f6,Company_104,EdTech,US,2023-05-31,event,Enterprise,1,False,False,6.0,37.5,4.333333333333333,0.0,642,38,support,too expensive
A-f19409,Company_105,DevTools,US,2023-03-16,other,Basic,23,False,True,3.0,6.333333333333333,4.0,0.0,659,31,features,too expensive
A-f19409,Company_105,DevTools,US,2023-03-16,other,Basic,23,False,True,3.0,6.333333333333333,4.0,0.0,659,31,competitor,switched to competitor
A-22f2df,Company_106,DevTools,US,2024-12-14,ads,Basic,3,False,False,5.0,44.8,5.0,0.0,429,17,Active,None
A-039727,Company_107,EdTech,AU,2024-11-02,organic,Pro,25,False,False,0.0,0.0,,0.0,768,32,pricing,switched to competitor
A-2e3bad,Company_108,FinTech,CA,2023-08-13,other,Pro,61,False,False,5.0,31.4,3.5,0.0,435,26,features,missing features
A-484819,Company_109,HealthTech,US,2023-02-21,organic,Pro,18,False,False,5.0,33.2,4.5,0.0,336,20,support,None
A-484819,Company_109,HealthTech,US,2023-02-21,organic,Pro,18,False,False,5.0,33.2,4.5,0.0,336,20,support,None
A-425e76,Company_110,DevTools,UK,2023-05-17,other,Enterprise,8,False,True,5.0,48.2,3.3333333333333335,1.0,438,24,budget,missing features
A-425e76,Company_110,DevTools,UK,2023-05-17,other,Enterprise,8,False,True,5.0,48.2,3.3333333333333335,1.0,438,24,competitor,too expensive
A-425e76,Company_110,DevTools,UK,2023-05-17,other,Enterprise,8,False,True,5.0,48.2,3.3333333333333335,1.0,438,24,competitor,too expensive
A-425e76,Company_110,DevTools,UK,2023-05-17,other,Enterprise,8,False,True,5.0,48.2,3.3333333333333335,1.0,438,24,competitor,switched to competitor
A-e83938,Company_111,DevTools,UK,2023-11-21,other,Pro,2,True,True,4.0,31.0,3.0,0.0,266,18,features,too expensive
A-e83938,Company_111,DevTools,UK,2023-11-21,other,Pro,2,True,True,4.0,31.0,3.0,0.0,266,18,pricing,switched to competitor
A-e83938,Company_111,DevTools,UK,2023-11-21,other,Pro,2,True,True,4.0,31.0,3.0,0.0,266,18,budget,None
A-ad296b,Company_112,DevTools,AU,2024-07-15,event,Pro,38,False,False,3.0,28.333333333333332,3.6666666666666665,1.0,294,12,Active,None
A-e51ec7,Company_113,FinTech,CA,2023-09-23,partner,Enterprise,2,False,False,3.0,37.0,5.0,0.0,417,18,support,missing features
A-e51ec7,Company_113,FinTech,CA,2023-09-23,partner,Enterprise,2,False,False,3.0,37.0,5.0,0.0,417,18,budget,switched to competitor
A-e51ec7,Company_113,FinTech,CA,2023-09-23,partner,Enterprise,2,False,False,3.0,37.0,5.0,0.0,417,18,budget,too expensive
A-0aaf6e,Company_114,FinTech,US,2024-05-11,organic,Enterprise,3,False,False,5.0,45.0,4.0,0.0,599,39,Active,None
A-e61e98,Company_115,FinTech,US,2023-10-20,partner,Enterprise,19,False,True,6.0,30.333333333333332,4.6,1.0,527,25,features,switched to competitor
A-92a333,Company_116,FinTech,US,2023-03-24,event,Enterprise,9,False,False,4.0,23.25,,1.0,364,30,Active,None
A-95b24a,Company_117,FinTech,US,2023-06-06,event,Pro,38,False,True,5.0,21.2,4.25,0.0,611,34,Active,None
A-42e5e1,Company_118,DevTools,US,2024-07-09,ads,Pro,1,False,True,3.0,29.0,4.0,0.0,411,41,pricing,too expensive
A-7d514c,Company_119,HealthTech,DE,2024-02-03,organic,Enterprise,17,False,False,3.0,33.333333333333336,5.0,0.0,502,30,Active,None
A-65aeb5,Company_120,DevTools,US,2024-01-25,partner,Pro,9,False,False,2.0,42.5,5.0,0.0,533,40,pricing,None
A-65aeb5,Company_120,DevTools,US,2024-01-25,partner,Pro,9,False,False,2.0,42.5,5.0,0.0,533,40,budget,missing features
A-e2cd1b,Company_121,DevTools,US,2024-02-04,other,Enterprise,15,False,False,5.0,37.8,4.0,0.0,465,18,Active,None
A-180abf,Company_122,DevTools,US,2023-08-14,event,Pro,64,False,True,3.0,36.333333333333336,3.0,0.0,499,28,support,None
A-180abf,Company_122,DevTools,US,2023-08-14,event,Pro,64,False,True,3.0,36.333333333333336,3.0,0.0,499,28,support,None
A-180abf,Company_122,DevTools,US,2023-08-14,event,Pro,64,False,True,3.0,36.333333333333336,3.0,0.0,499,28,support,None
A-180abf,Company_122,DevTools,US,2023-08-14,event,Pro,64,False,True,3.0,36.333333333333336,3.0,0.0,499,28,support,switched to competitor
A-180abf,Company_122,DevTools,US,2023-08-14,event,Pro,64,False,True,3.0,36.333333333333336,3.0,0.0,499,28,competitor,None
A-f17767,Company_123,DevTools,US,2023-01-30,event,Enterprise,1,True,True,3.0,36.333333333333336,4.0,1.0,713,38,pricing,None
A-5a184f,Company_124,DevTools,DE,2023-06-19,other,Enterprise,1,False,True,3.0,15.333333333333334,4.333333333333333,0.0,587,29,support,missing features
A-5a184f,Company_124,DevTools,DE,2023-06-19,other,Enterprise,1,False,True,3.0,15.333333333333334,4.333333333333333,0.0,587,29,support,switched to competitor
A-5a184f,Company_124,DevTools,DE,2023-06-19,other,Enterprise,1,False,True,3.0,15.333333333333334,4.333333333333333,0.0,587,29,features,too expensive
A-7df7a7,Company_125,DevTools,US,2023-01-28,organic,Basic,7,False,True,3.0,28.0,4.0,1.0,922,47,budget,missing features
A-1ac5e0,Company_126,DevTools,US,2024-10-20,event,Basic,33,False,True,7.0,40.42857142857143,3.8,0.0,558,31,Active,None
A-52dd88,Company_127,Cybersecurity,US,2023-02-21,ads,Pro,23,False,False,1.0,72.0,,0.0,516,33,Active,None
A-bece89,Company_128,Cybersecurity,IN,2023-12-01,event,Pro,26,False,False,4.0,32.5,4.0,1.0,176,13,unknown,switched to competitor
A-bece89,Company_128,Cybersecurity,IN,2023-12-01,event,Pro,26,False,False,4.0,32.5,4.0,1.0,176,13,budget,missing features
A-029f69,Company_129,Cybersecurity,CA,2024-03-07,event,Basic,3,False,False,2.0,42.0,3.0,0.0,789,42,competitor,too expensive
A-029f69,Company_129,Cybersecurity,CA,2024-03-07,event,Basic,3,False,False,2.0,42.0,3.0,0.0,789,42,budget,None
A-029f69,Company_129,Cybersecurity,CA,2024-03-07,event,Basic,3,False,False,2.0,42.0,3.0,0.0,789,42,competitor,switched to competitor
A-5c046d,Company_130,EdTech,FR,2024-07-06,partner,Basic,93,False,False,1.0,13.0,3.0,0.0,475,23,Active,None
A-fb186e,Company_131,EdTech,IN,2024-10-27,organic,Basic,29,False,False,6.0,26.166666666666668,3.6666666666666665,0.0,207,7,Active,None
A-ae052e,Company_132,FinTech,CA,2023-09-11,other,Basic,39,False,False,4.0,31.25,4.0,0.0,300,12,unknown,too expensive
A-ae052e,Company_132,FinTech,CA,2023-09-11,other,Basic,39,False,False,4.0,31.25,4.0,0.0,300,12,budget,too expensive
A-ae052e,Company_132,FinTech,CA,2023-09-11,other,Basic,39,False,False,4.0,31.25,4.0,0.0,300,12,support,too expensive
A-ae052e,Company_132,FinTech,CA,2023-09-11,other,Basic,39,False,False,4.0,31.25,4.0,0.0,300,12,competitor,too expensive
A-9f9299,Company_133,FinTech,US,2023-09-02,organic,Enterprise,28,True,False,5.0,36.2,5.0,0.0,830,54,features,missing features
A-9f9299,Company_133,FinTech,US,2023-09-02,organic,Enterprise,28,True,False,5.0,36.2,5.0,0.0,830,54,competitor,None
A-96e141,Company_134,DevTools,UK,2023-08-12,partner,Basic,14,False,False,5.0,32.8,4.333333333333333,0.0,346,19,budget,too expensive
A-96e141,Company_134,DevTools,UK,2023-08-12,partner,Basic,14,False,False,5.0,32.8,4.333333333333333,0.0,346,19,budget,too expensive
A-117171,Company_135,HealthTech,FR,2024-09-12,organic,Basic,45,False,True,6.0,32.5,3.6666666666666665,1.0,208,11,budget,switched to competitor
A-117171,Company_135,HealthTech,FR,2024-09-12,organic,Basic,45,False,True,6.0,32.5,3.6666666666666665,1.0,208,11,features,switched to competitor
A-117171,Company_135,HealthTech,FR,2024-09-12,organic,Basic,45,False,True,6.0,32.5,3.6666666666666665,1.0,208,11,pricing,None
A-313be3,Company_136,EdTech,US,2023-11-15,partner,Enterprise,47,True,False,4.0,22.5,5.0,1.0,560,40,features,too expensive
A-313be3,Company_136,EdTech,US,2023-11-15,partner,Enterprise,47,True,False,4.0,22.5,5.0,1.0,560,40,competitor,None
A-671f31,Company_137,DevTools,US,2024-11-24,ads,Basic,59,False,False,7.0,33.0,4.2,0.0,167,16,Active,None
A-bbc346,Company_138,FinTech,US,2024-08-29,partner,Enterprise,19,False,False,3.0,45.333333333333336,4.5,0.0,650,37,competitor,too expensive
A-bbc346,Company_138,FinTech,US,2024-08-29,partner,Enterprise,19,False,False,3.0,45.333333333333336,4.5,0.0,650,37,competitor,switched to competitor
A-c16101,Company_139,EdTech,IN,2024-09-06,other,Basic,7,False,False,4.0,28.0,5.0,1.0,561,29,features,too expensive
A-c16101,Company_139,EdTech,IN,2024-09-06,other,Basic,7,False,False,4.0,28.0,5.0,1.0,561,29,features,None
A-50f3f7,Company_140,HealthTech,US,2023-12-22,partner,Basic,31,False,True,6.0,37.833333333333336,5.0,1.0,685,45,Active,None
A-7da956,Company_141,Cybersecurity,US,2024-06-02,event,Pro,13,True,False,3.0,32.666666666666664,5.0,0.0,543,35,Active,None
A-019782,Company_142,DevTools,FR,2023-04-19,event,Enterprise,11,False,False,2.0,10.0,3.0,0.0,562,30,Active,None
A-df10db,Company_143,DevTools,US,2023-06-06,other,Enterprise,2,True,False,2.0,68.5,3.0,1.0,697,40,competitor,missing features
A-df10db,Company_143,DevTools,US,2023-06-06,other,Enterprise,2,True,False,2.0,68.5,3.0,1.0,697,40,competitor,missing features
A-3932db,Company_144,HealthTech,CA,2023-10-04,other,Pro,19,True,True,6.0,41.0,4.333333333333333,0.0,434,28,Active,None
A-4f18f0,Company_145,DevTools,CA,2024-04-21,other,Pro,24,True,False,5.0,39.2,4.0,0.0,544,25,features,missing features
A-4f18f0,Company_145,DevTools,CA,2024-04-21,other,Pro,24,True,False,5.0,39.2,4.0,0.0,544,25,features,None
A-4c6f11,Company_146,FinTech,CA,2023-11-27,organic,Pro,24,True,True,3.0,44.666666666666664,4.333333333333333,0.0,268,4,competitor,too expensive
A-4c6f11,Company_146,FinTech,CA,2023-11-27,organic,Pro,24,True,True,3.0,44.666666666666664,4.333333333333333,0.0,268,4,competitor,too expensive
A-8ae05d,Company_147,FinTech,IN,2024-04-06,other,Enterprise,86,False,False,1.0,47.0,4.0,0.0,203,10,unknown,missing features
A-b78bf8,Company_148,DevTools,US,2024-11-15,event,Pro,33,False,False,5.0,24.2,4.2,0.0,421,11,unknown,None
A-eafc6e,Company_149,DevTools,US,2023-07-06,partner,Pro,27,False,True,1.0,64.0,,0.0,300,15,pricing,None
A-eafc6e,Company_149,DevTools,US,2023-07-06,partner,Pro,27,False,True,1.0,64.0,,0.0,300,15,unknown,None
A-37f969,Company_150,HealthTech,IN,2023-10-14,partner,Enterprise,30,False,False,5.0,22.2,3.6666666666666665,1.0,312,14,support,None
A-37f969,Company_150,HealthTech,IN,2023-10-14,partner,Enterprise,30,False,False,5.0,22.2,3.6666666666666665,1.0,312,14,competitor,None
A-37f969,Company_150,HealthTech,IN,2023-10-14,partner,Enterprise,30,False,False,5.0,22.2,3.6666666666666665,1.0,312,14,pricing,missing features
A-37f969,Company_150,HealthTech,IN,2023-10-14,partner,Enterprise,30,False,False,5.0,22.2,3.6666666666666665,1.0,312,14,pricing,too expensive
A-10b8f2,Company_151,HealthTech,DE,2023-01-11,organic,Basic,47,True,False,3.0,46.333333333333336,4.333333333333333,0.0,560,23,support,too expensive
A-439b2f,Company_152,DevTools,US,2024-02-21,ads,Enterprise,1,False,True,3.0,18.333333333333332,,0.0,171,5,features,switched to competitor
A-439b2f,Company_152,DevTools,US,2024-02-21,ads,Enterprise,1,False,True,3.0,18.333333333333332,,0.0,171,5,pricing,None
A-544d0a,Company_153,DevTools,US,2024-05-02,organic,Basic,2,True,False,2.0,38.5,4.0,1.0,510,22,Active,None
A-ba6516,Company_154,FinTech,US,2023-10-29,ads,Pro,27,False,False,6.0,31.5,4.0,0.0,642,32,budget,None
A-712426,Company_155,HealthTech,US,2024-11-10,other,Enterprise,9,False,False,6.0,37.333333333333336,4.4,0.0,696,31,features,missing features
A-712426,Company_155,HealthTech,US,2024-11-10,other,Enterprise,9,False,False,6.0,37.333333333333336,4.4,0.0,696,31,pricing,None
A-712426,Company_155,HealthTech,US,2024-11-10,other,Enterprise,9,False,False,6.0,37.333333333333336,4.4,0.0,696,31,pricing,missing features
A-038089,Company_156,DevTools,FR,2023-12-19,other,Pro,5,False,True,6.0,30.166666666666668,3.6666666666666665,0.0,210,15,features,too expensive
A-038089,Company_156,DevTools,FR,2023-12-19,other,Pro,5,False,True,6.0,30.166666666666668,3.6666666666666665,0.0,210,15,competitor,None
A-afa505,Company_157,DevTools,US,2023-12-27,partner,Basic,70,True,False,4.0,37.25,3.0,1.0,507,28,support,missing features
A-d5a319,Company_158,FinTech,US,2023-05-04,other,Enterprise,15,False,True,1.0,17.0,4.0,1.0,604,43,Active,None
A-f97b9a,Company_159,FinTech,US,2023-07-09,event,Pro,16,False,False,7.0,31.714285714285715,3.6666666666666665,0.0,561,33,Active,None
A-2f6a32,Company_160,HealthTech,US,2024-08-26,organic,Basic,19,False,False,2.0,41.0,3.5,0.0,654,46,Active,None
A-856b1e,Company_161,FinTech,US,2023-10-31,partner,Basic,19,False,False,5.0,36.0,,1.0,230,24,Active,None
A-17939a,Company_162,HealthTech,US,2024-12-26,organic,Basic,1,False,False,7.0,38.0,4.5,0.0,440,43,Active,None
A-d27f50,Company_163,Cybersecurity,UK,2024-07-20,ads,Enterprise,44,False,False,4.0,37.5,3.75,0.0,481,31,Active,None
A-e36807,Company_164,EdTech,AU,2024-05-17,other,Pro,6,False,False,2.0,41.0,4.5,0.0,446,27,Active,None
A-ff79f2,Company_165,DevTools,US,2024-04-25,ads,Basic,8,False,True,2.0,50.0,,0.0,393,12,Active,None
A-5b1bcd,Company_166,DevTools,US,2023-09-16,organic,Pro,73,False,False,4.0,43.25,4.5,0.0,869,54,competitor,None
A-71615e,Company_167,EdTech,US,2024-05-18,organic,Basic,15,False,False,1.0,49.0,,0.0,620,41,pricing,missing features
A-794a0b,Company_168,HealthTech,DE,2023-06-02,organic,Basic,23,False,False,0.0,0.0,,0.0,347,31,budget,switched to competitor
A-86902e,Company_169,HealthTech,IN,2023-05-02,other,Enterprise,34,False,False,9.0,40.888888888888886,3.5,0.0,628,36,features,None
A-0532a9,Company_170,FinTech,IN,2024-09-25,event,Pro,19,False,False,8.0,30.75,3.0,0.0,519,30,pricing,too expensive
A-9779ad,Company_171,Cybersecurity,AU,2024-03-29,event,Pro,40,True,True,3.0,20.666666666666668,5.0,0.0,413,25,unknown,switched to competitor
A-9779ad,Company_171,Cybersecurity,AU,2024-03-29,event,Pro,40,True,True,3.0,20.666666666666668,5.0,0.0,413,25,features,too expensive
A-9779ad,Company_171,Cybersecurity,AU,2024-03-29,event,Pro,40,True,True,3.0,20.666666666666668,5.0,0.0,413,25,competitor,missing features
A-f45426,Company_172,HealthTech,US,2024-08-05,organic,Basic,9,False,False,3.0,17.0,4.0,0.0,624,49,pricing,switched to competitor
A-f45426,Company_172,HealthTech,US,2024-08-05,organic,Basic,9,False,False,3.0,17.0,4.0,0.0,624,49,competitor,missing features
A-c1e51e,Company_173,FinTech,US,2024-10-02,organic,Basic,3,False,False,5.0,40.0,3.2,0.0,518,36,pricing,missing features
A-c1e51e,Company_173,FinTech,US,2024-10-02,organic,Basic,3,False,False,5.0,40.0,3.2,0.0,518,36,support,switched to competitor
A-fa3095,Company_174,FinTech,US,2023-09-03,ads,Basic,70,False,False,5.0,49.2,5.0,0.0,600,42,support,missing features
A-ad64c6,Company_175,DevTools,UK,2024-02-23,event,Pro,12,False,False,4.0,34.0,5.0,0.0,215,18,unknown,None
A-ad64c6,Company_175,DevTools,UK,2024-02-23,event,Pro,12,False,False,4.0,34.0,5.0,0.0,215,18,support,missing features
A-39b19f,Company_176,FinTech,US,2023-02-03,partner,Enterprise,1,False,False,6.0,47.833333333333336,4.25,1.0,530,37,unknown,None
A-56962b,Company_177,EdTech,UK,2024-04-09,partner,Enterprise,163,False,False,4.0,37.5,3.0,0.0,271,25,unknown,switched to competitor
A-56962b,Company_177,EdTech,UK,2024-04-09,partner,Enterprise,163,False,False,4.0,37.5,3.0,0.0,271,25,pricing,None
A-e60f9d,Company_178,FinTech,US,2024-08-26,other,Basic,29,False,False,2.0,70.5,,0.0,629,24,Active,None
A-88c6ca,Company_179,FinTech,DE,2024-10-25,ads,Basic,5,False,True,1.0,56.0,,0.0,446,19,Active,None
A-158f4e,Company_180,FinTech,IN,2023-03-03,other,Enterprise,61,False,False,5.0,27.6,4.333333333333333,0.0,453,29,budget,switched to competitor
A-158f4e,Company_180,FinTech,IN,2023-03-03,other,Enterprise,61,False,False,5.0,27.6,4.333333333333333,0.0,453,29,features,None
A-5b051a,Company_181,Cybersecurity,US,2024-08-05,event,Enterprise,22,False,False,1.0,2.0,3.0,0.0,171,17,Active,None
A-296d7c,Company_182,DevTools,DE,2023-11-08,other,Enterprise,2,False,False,5.0,50.4,3.75,0.0,357,18,budget,too expensive
A-1619f8,Company_183,DevTools,US,2024-05-20,organic,Pro,29,False,False,3.0,42.0,5.0,0.0,432,26,competitor,missing features
A-1619f8,Company_183,DevTools,US,2024-05-20,organic,Pro,29,False,False,3.0,42.0,5.0,0.0,432,26,competitor,None
A-1619f8,Company_183,DevTools,US,2024-05-20,organic,Pro,29,False,False,3.0,42.0,5.0,0.0,432,26,budget,None
A-a1b80b,Company_184,HealthTech,US,2023-11-27,organic,Basic,16,False,False,4.0,41.0,4.0,0.0,749,48,budget,switched to competitor
A-139c3b,Company_185,HealthTech,US,2024-11-21,organic,Enterprise,10,True,True,9.0,28.444444444444443,4.5,0.0,478,16,Active,None
A-702032,Company_186,HealthTech,US,2023-10-03,ads,Pro,28,False,False,4.0,26.0,3.0,0.0,285,15,features,switched to competitor
A-702032,Company_186,HealthTech,US,2023-10-03,ads,Pro,28,False,False,4.0,26.0,3.0,0.0,285,15,competitor,switched to competitor
A-7a0d69,Company_187,DevTools,DE,2024-06-15,ads,Enterprise,4,True,True,2.0,29.0,5.0,0.0,606,31,features,None
A-7a0d69,Company_187,DevTools,DE,2024-06-15,ads,Enterprise,4,True,True,2.0,29.0,5.0,0.0,606,31,competitor,switched to competitor
A-7a0d69,Company_187,DevTools,DE,2024-06-15,ads,Enterprise,4,True,True,2.0,29.0,5.0,0.0,606,31,budget,None
A-22d9d2,Company_188,DevTools,FR,2024-03-22,event,Pro,8,False,False,6.0,16.0,4.0,1.0,782,43,pricing,None
A-b9eed8,Company_189,Cybersecurity,US,2024-02-23,organic,Basic,11,False,False,5.0,29.2,3.75,1.0,623,55,pricing,switched to competitor
A-dfbd31,Company_190,DevTools,UK,2023-12-04,partner,Enterprise,14,False,False,6.0,29.666666666666668,4.25,0.0,599,19,unknown,too expensive
A-dfbd31,Company_190,DevTools,UK,2023-12-04,partner,Enterprise,14,False,False,6.0,29.666666666666668,4.25,0.0,599,19,features,too expensive
A-8e47ca,Company_191,HealthTech,US,2024-02-15,organic,Pro,19,False,False,5.0,33.4,4.0,1.0,441,35,competitor,missing features
A-8e47ca,Company_191,HealthTech,US,2024-02-15,organic,Pro,19,False,False,5.0,33.4,4.0,1.0,441,35,competitor,too expensive
A-8e47ca,Company_191,HealthTech,US,2024-02-15,organic,Pro,19,False,False,5.0,33.4,4.0,1.0,441,35,support,missing features
A-4437e4,Company_192,Cybersecurity,US,2023-09-16,event,Enterprise,3,False,False,6.0,34.666666666666664,3.0,2.0,806,43,features,too expensive
A-779e4e,Company_193,HealthTech,US,2023-01-02,organic,Basic,5,False,False,5.0,26.6,4.0,0.0,393,20,Active,None
A-53f4e3,Company_194,Cybersecurity,UK,2024-06-14,event,Enterprise,13,False,False,5.0,28.6,4.0,0.0,410,45,competitor,too expensive
A-692f18,Company_195,EdTech,US,2024-03-28,other,Basic,5,True,True,2.0,37.5,5.0,0.0,871,55,support,switched to competitor
A-13466a,Company_196,DevTools,AU,2023-10-22,event,Basic,2,False,True,3.0,32.333333333333336,4.333333333333333,1.0,205,14,pricing,switched to competitor
A-13466a,Company_196,DevTools,AU,2023-10-22,event,Basic,2,False,True,3.0,32.333333333333336,4.333333333333333,1.0,205,14,support,switched to competitor
A-1986ca,Company_197,HealthTech,IN,2023-01-30,ads,Pro,20,False,False,7.0,36.57142857142857,3.4,0.0,362,23,Active,None
A-0cc442,Company_198,EdTech,US,2024-07-18,organic,Basic,45,False,False,3.0,37.0,3.0,0.0,765,41,budget,None
A-0cc442,Company_198,EdTech,US,2024-07-18,organic,Basic,45,False,False,3.0,37.0,3.0,0.0,765,41,pricing,too expensive
A-0cc442,Company_198,EdTech,US,2024-07-18,organic,Basic,45,False,False,3.0,37.0,3.0,0.0,765,41,budget,too expensive
A-0cc442,Company_198,EdTech,US,2024-07-18,organic,Basic,45,False,False,3.0,37.0,3.0,0.0,765,41,unknown,switched to competitor
A-c608c8,Company_199,DevTools,DE,2023-04-27,ads,Pro,3,False,True,2.0,59.0,3.0,0.0,445,27,support,too expensive
A-3be56b,Company_200,HealthTech,IN,2023-10-26,event,Pro,3,False,True,4.0,40.25,3.5,0.0,528,33,pricing,switched to competitor
A-3be56b,Company_200,HealthTech,IN,2023-10-26,event,Pro,3,False,True,4.0,40.25,3.5,0.0,528,33,competitor,None
A-354f12,Company_201,FinTech,US,2024-04-28,ads,Pro,1,True,False,2.0,56.5,,0.0,158,3,competitor,missing features
A-68f37c,Company_202,HealthTech,US,2023-07-15,ads,Basic,4,False,False,5.0,20.2,4.0,0.0,624,40,competitor,too expensive
A-68f37c,Company_202,HealthTech,US,2023-07-15,ads,Basic,4,False,False,5.0,20.2,4.0,0.0,624,40,support,switched to competitor
A-68f37c,Company_202,HealthTech,US,2023-07-15,ads,Basic,4,False,False,5.0,20.2,4.0,0.0,624,40,features,too expensive
A-68f37c,Company_202,HealthTech,US,2023-07-15,ads,Basic,4,False,False,5.0,20.2,4.0,0.0,624,40,unknown,too expensive
A-aa9511,Company_203,DevTools,US,2023-10-10,other,Pro,23,True,False,2.0,56.5,4.0,0.0,625,35,competitor,None
A-af0cd2,Company_204,Cybersecurity,IN,2023-01-03,other,Enterprise,19,True,False,3.0,54.333333333333336,,0.0,687,33,unknown,switched to competitor
A-bd4513,Company_205,DevTools,AU,2024-11-06,event,Enterprise,50,True,False,3.0,42.0,4.666666666666667,0.0,507,34,features,switched to competitor
A-bd4513,Company_205,DevTools,AU,2024-11-06,event,Enterprise,50,True,False,3.0,42.0,4.666666666666667,0.0,507,34,budget,too expensive
A-c222ab,Company_206,Cybersecurity,US,2024-05-10,other,Pro,32,False,True,4.0,39.0,5.0,0.0,435,33,budget,too expensive
A-c222ab,Company_206,Cybersecurity,US,2024-05-10,other,Pro,32,False,True,4.0,39.0,5.0,0.0,435,33,features,missing features
A-c222ab,Company_206,Cybersecurity,US,2024-05-10,other,Pro,32,False,True,4.0,39.0,5.0,0.0,435,33,support,None
A-34d880,Company_207,Cybersecurity,AU,2024-04-11,ads,Enterprise,4,False,False,5.0,52.2,3.0,0.0,474,40,unknown,missing features
A-508199,Company_208,FinTech,AU,2024-01-28,event,Basic,19,False,False,3.0,50.666666666666664,3.0,0.0,231,15,Active,None
A-f03140,Company_209,DevTools,IN,2023-11-22,event,Pro,27,True,False,7.0,36.0,3.6666666666666665,0.0,595,22,competitor,missing features
A-410e86,Company_210,FinTech,US,2024-11-10,organic,Basic,24,False,False,5.0,42.6,3.5,0.0,292,21,Active,None
A-fa2041,Company_211,HealthTech,US,2024-05-29,organic,Pro,15,True,False,1.0,16.0,3.0,0.0,552,34,competitor,switched to competitor
A-de58ca,Company_212,HealthTech,DE,2023-04-13,organic,Enterprise,15,False,False,5.0,30.6,3.3333333333333335,0.0,505,33,Active,None
A-05d3b3,Company_213,DevTools,AU,2023-05-28,ads,Basic,9,True,False,6.0,31.5,4.333333333333333,0.0,642,22,unknown,switched to competitor
A-05d3b3,Company_213,DevTools,AU,2023-05-28,ads,Basic,9,True,False,6.0,31.5,4.333333333333333,0.0,642,22,unknown,switched to competitor
A-249769,Company_214,Cybersecurity,US,2024-04-25,event,Enterprise,4,False,True,2.0,39.5,4.0,0.0,678,30,budget,None
A-249769,Company_214,Cybersecurity,US,2024-04-25,event,Enterprise,4,False,True,2.0,39.5,4.0,0.0,678,30,pricing,too expensive
A-e43bf7,Company_215,Cybersecurity,AU,2023-03-24,other,Pro,44,False,False,5.0,27.4,4.0,1.0,371,35,pricing,missing features
A-eb2fdc,Company_216,DevTools,AU,2023-11-21,organic,Enterprise,31,False,True,5.0,33.6,4.5,0.0,547,17,competitor,missing features
A-e1462e,Company_217,FinTech,UK,2023-03-12,partner,Basic,15,False,False,2.0,39.5,3.5,0.0,347,22,competitor,switched to competitor
A-e1462e,Company_217,FinTech,UK,2023-03-12,partner,Basic,15,False,False,2.0,39.5,3.5,0.0,347,22,support,too expensive
A-cab532,Company_218,DevTools,FR,2023-04-03,organic,Pro,11,True,False,1.0,32.0,4.0,0.0,1005,47,support,too expensive
A-9123ac,Company_219,Cybersecurity,DE,2023-06-20,organic,Pro,9,False,False,6.0,38.833333333333336,4.2,0.0,386,24,competitor,missing features
A-9123ac,Company_219,Cybersecurity,DE,2023-06-20,organic,Pro,9,False,False,6.0,38.833333333333336,4.2,0.0,386,24,support,too expensive
A-6e08f3,Company_220,Cybersecurity,US,2023-02-27,event,Basic,8,False,False,2.0,36.5,3.5,0.0,492,21,competitor,None
A-d922bf,Company_221,HealthTech,US,2023-09-08,ads,Basic,5,True,True,7.0,39.142857142857146,3.3333333333333335,1.0,419,19,support,too expensive
A-8ed5dd,Company_222,EdTech,UK,2023-06-29,event,Enterprise,5,False,True,6.0,29.0,3.75,0.0,545,45,support,switched to competitor
A-8ed5dd,Company_222,EdTech,UK,2023-06-29,event,Enterprise,5,False,True,6.0,29.0,3.75,0.0,545,45,unknown,None
A-7c6b6b,Company_223,FinTech,US,2024-11-30,other,Basic,6,False,False,5.0,52.2,4.333333333333333,0.0,311,24,budget,too expensive
A-3c1a3f,Company_224,DevTools,UK,2023-08-26,event,Pro,1,False,False,4.0,33.25,3.5,0.0,497,22,Active,None
A-b48f73,Company_225,EdTech,AU,2024-11-13,event,Pro,80,True,False,3.0,28.666666666666668,4.0,0.0,412,23,Active,None
A-76fa4d,Company_226,HealthTech,US,2024-11-24,event,Pro,69,False,False,5.0,33.4,4.5,0.0,357,21,unknown,too expensive
A-76fa4d,Company_226,HealthTech,US,2024-11-24,event,Pro,69,False,False,5.0,33.4,4.5,0.0,357,21,pricing,too expensive
A-b2af2e,Company_227,Cybersecurity,UK,2024-08-24,event,Enterprise,5,False,False,2.0,39.5,4.0,0.0,174,11,pricing,None
A-9bfc9f,Company_228,DevTools,CA,2023-09-14,ads,Pro,53,False,False,6.0,35.333333333333336,3.3333333333333335,1.0,376,18,Active,None
A-4ae22a,Company_229,EdTech,US,2024-05-09,other,Pro,6,False,True,3.0,14.333333333333334,3.0,0.0,369,31,pricing,None
A-fda07f,Company_230,Cybersecurity,FR,2024-08-11,partner,Basic,7,False,False,5.0,17.8,4.0,0.0,681,39,support,missing features
A-de24d5,Company_231,DevTools,US,2024-11-05,other,Enterprise,5,True,False,7.0,43.142857142857146,3.0,0.0,537,28,Active,None
A-977ca0,Company_232,HealthTech,IN,2023-02-20,partner,Basic,6,False,True,3.0,64.0,4.0,0.0,893,46,Active,None
A-ab438f,Company_233,Cybersecurity,US,2024-09-13,ads,Enterprise,13,False,True,2.0,33.5,3.5,0.0,369,12,budget,None
A-e89151,Company_234,FinTech,UK,2023-09-14,organic,Pro,8,True,True,2.0,41.5,5.0,0.0,601,29,Active,None
A-40906c,Company_235,EdTech,US,2024-03-27,ads,Basic,92,False,False,5.0,29.2,3.75,0.0,685,32,Active,None
A-81edc3,Company_236,Cybersecurity,IN,2023-10-30,ads,Basic,5,False,False,3.0,52.666666666666664,4.0,0.0,765,41,pricing,too expensive
A-81edc3,Company_236,Cybersecurity,IN,2023-10-30,ads,Basic,5,False,False,3.0,52.666666666666664,4.0,0.0,765,41,support,too expensive
A-81edc3,Company_236,Cybersecurity,IN,2023-10-30,ads,Basic,5,False,False,3.0,52.666666666666664,4.0,0.0,765,41,unknown,missing features
A-328bd0,Company_237,HealthTech,AU,2023-05-16,partner,Enterprise,18,False,False,5.0,46.0,3.6666666666666665,0.0,568,49,Active,None
A-b3fe05,Company_238,Cybersecurity,CA,2024-05-28,partner,Pro,8,False,False,4.0,48.25,3.0,0.0,438,18,Active,None
A-09540c,Company_239,Cybersecurity,CA,2023-10-30,event,Basic,67,True,False,2.0,28.0,4.5,0.0,297,16,unknown,None
A-e693b6,Company_240,FinTech,AU,2023-05-25,event,Enterprise,55,False,True,1.0,1.0,3.0,0.0,681,25,budget,missing features
A-2446e3,Company_241,EdTech,IN,2024-01-10,organic,Pro,27,False,False,3.0,28.666666666666668,4.0,0.0,496,32,unknown,None
A-2446e3,Company_241,EdTech,IN,2024-01-10,organic,Pro,27,False,False,3.0,28.666666666666668,4.0,0.0,496,32,competitor,missing features
A-241e75,Company_242,EdTech,US,2024-07-03,partner,Enterprise,3,False,False,4.0,31.5,4.5,0.0,266,20,unknown,None
A-241e75,Company_242,EdTech,US,2024-07-03,partner,Enterprise,3,False,False,4.0,31.5,4.5,0.0,266,20,features,switched to competitor
A-922109,Company_243,Cybersecurity,US,2024-01-26,ads,Pro,3,False,False,3.0,25.333333333333332,3.0,0.0,819,34,support,too expensive
A-922109,Company_243,Cybersecurity,US,2024-01-26,ads,Pro,3,False,False,3.0,25.333333333333332,3.0,0.0,819,34,support,None
A-ff3c73,Company_244,HealthTech,AU,2023-01-26,other,Pro,21,False,False,2.0,35.5,3.5,0.0,408,23,competitor,missing features
A-ff3c73,Company_244,HealthTech,AU,2023-01-26,other,Pro,21,False,False,2.0,35.5,3.5,0.0,408,23,competitor,missing features
A-8b0451,Company_245,FinTech,UK,2024-09-16,event,Enterprise,41,False,False,7.0,26.571428571428573,3.5,0.0,606,45,budget,too expensive
A-331424,Company_246,DevTools,US,2023-11-06,organic,Basic,11,False,False,2.0,24.5,,0.0,214,9,competitor,switched to competitor
A-51ec1b,Company_247,DevTools,US,2023-11-08,ads,Enterprise,7,False,False,3.0,52.333333333333336,5.0,1.0,283,12,unknown,too expensive
A-bcf664,Company_248,DevTools,US,2023-05-19,other,Pro,5,False,False,5.0,36.0,4.0,1.0,575,28,competitor,None
A-bcf664,Company_248,DevTools,US,2023-05-19,other,Pro,5,False,False,5.0,36.0,4.0,1.0,575,28,competitor,None
A-bcf664,Company_248,DevTools,US,2023-05-19,other,Pro,5,False,False,5.0,36.0,4.0,1.0,575,28,features,too expensive
A-90a8c8,Company_249,FinTech,AU,2024-08-24,organic,Pro,15,False,False,4.0,45.0,3.25,0.0,404,20,support,missing features
A-86cdb4,Company_250,DevTools,DE,2024-09-22,partner,Basic,2,False,False,5.0,26.4,4.333333333333333,0.0,492,24,Active,None
A-4bfa33,Company_251,Cybersecurity,US,2024-12-07,event,Basic,8,True,False,4.0,16.5,3.6666666666666665,0.0,329,17,unknown,switched to competitor
A-4bfa33,Company_251,Cybersecurity,US,2024-12-07,event,Basic,8,True,False,4.0,16.5,3.6666666666666665,0.0,329,17,unknown,missing features
A-4bfa33,Company_251,Cybersecurity,US,2024-12-07,event,Basic,8,True,False,4.0,16.5,3.6666666666666665,0.0,329,17,budget,None
A-dbc825,Company_252,EdTech,FR,2024-01-07,partner,Enterprise,19,False,False,6.0,49.5,4.0,1.0,730,58,features,too expensive
A-dbc825,Company_252,EdTech,FR,2024-01-07,partner,Enterprise,19,False,False,6.0,49.5,4.0,1.0,730,58,budget,None
A-c70870,Company_253,Cybersecurity,US,2024-10-22,partner,Basic,31,False,False,5.0,35.6,4.0,0.0,334,18,competitor,switched to competitor
A-7c4956,Company_254,DevTools,US,2023-05-06,ads,Enterprise,5,False,True,3.0,13.666666666666666,4.0,0.0,475,40,Active,None
A-0651a4,Company_255,HealthTech,FR,2024-10-16,organic,Pro,16,False,False,4.0,29.25,4.0,0.0,705,37,support,too expensive
A-0651a4,Company_255,HealthTech,FR,2024-10-16,organic,Pro,16,False,False,4.0,29.25,4.0,0.0,705,37,features,missing features
A-3ce5b8,Company_256,FinTech,IN,2023-09-07,ads,Basic,8,False,True,10.0,42.5,3.7142857142857144,0.0,509,29,features,too expensive
A-bd4708,Company_257,FinTech,US,2024-07-21,ads,Pro,37,True,False,4.0,24.0,3.5,0.0,653,30,Active,None
A-993085,Company_258,HealthTech,US,2023-06-01,ads,Basic,31,True,False,4.0,46.5,3.5,0.0,665,50,features,None
A-993085,Company_258,HealthTech,US,2023-06-01,ads,Basic,31,True,False,4.0,46.5,3.5,0.0,665,50,features,None
A-92a3af,Company_259,Cybersecurity,IN,2024-07-07,organic,Enterprise,25,False,False,4.0,57.5,4.0,1.0,714,55,Active,None
A-151c9a,Company_260,FinTech,US,2023-01-27,ads,Enterprise,23,False,False,2.0,31.0,3.5,0.0,366,14,support,missing features
A-474ad4,Company_261,EdTech,US,2023-11-28,organic,Basic,8,False,False,3.0,33.0,5.0,1.0,605,45,Active,None
A-4ef964,Company_262,HealthTech,US,2024-03-07,organic,Pro,17,False,False,3.0,42.666666666666664,4.0,0.0,487,33,budget,too expensive
A-fd9422,Company_263,Cybersecurity,US,2024-04-04,organic,Pro,58,False,False,6.0,44.333333333333336,3.5,1.0,456,21,Active,None
A-0baac2,Company_264,FinTech,DE,2024-05-30,organic,Enterprise,14,False,True,6.0,43.5,4.333333333333333,0.0,202,9,unknown,switched to competitor
A-0baac2,Company_264,FinTech,DE,2024-05-30,organic,Enterprise,14,False,True,6.0,43.5,4.333333333333333,0.0,202,9,features,too expensive
A-0baac2,Company_264,FinTech,DE,2024-05-30,organic,Enterprise,14,False,True,6.0,43.5,4.333333333333333,0.0,202,9,unknown,missing features
A-0baac2,Company_264,FinTech,DE,2024-05-30,organic,Enterprise,14,False,True,6.0,43.5,4.333333333333333,0.0,202,9,pricing,too expensive
A-bb1486,Company_265,HealthTech,US,2024-11-05,organic,Basic,41,False,False,3.0,11.0,3.0,0.0,405,36,budget,switched to competitor
A-bb1486,Company_265,HealthTech,US,2024-11-05,organic,Basic,41,False,False,3.0,11.0,3.0,0.0,405,36,competitor,switched to competitor
A-560d27,Company_266,DevTools,US,2024-05-05,organic,Pro,23,False,False,4.0,30.75,3.6666666666666665,0.0,587,38,Active,None
A-0b0d6d,Company_267,DevTools,US,2024-12-30,organic,Pro,3,False,False,5.0,31.4,4.0,1.0,582,48,competitor,None
A-2789e3,Company_268,FinTech,US,2024-09-14,partner,Enterprise,11,False,False,4.0,47.25,4.0,0.0,680,45,Active,None
A-b07346,Company_269,HealthTech,US,2024-10-10,partner,Pro,51,False,True,3.0,42.333333333333336,3.5,0.0,326,22,budget,missing features
A-902ef7,Company_270,HealthTech,US,2024-09-03,other,Enterprise,83,False,True,2.0,48.5,4.0,0.0,414,24,pricing,too expensive
A-20736a,Company_271,EdTech,IN,2024-03-16,organic,Enterprise,50,False,False,4.0,42.25,3.75,0.0,430,22,competitor,too expensive
A-e4bf56,Company_272,HealthTech,IN,2024-10-28,ads,Pro,17,False,True,8.0,29.125,3.6666666666666665,0.0,339,10,Active,None
A-cea1f0,Company_273,FinTech,US,2024-04-07,event,Pro,8,False,True,5.0,42.2,4.333333333333333,0.0,586,28,Active,None
A-ef84cf,Company_274,EdTech,US,2024-03-01,partner,Enterprise,8,False,False,5.0,34.8,4.333333333333333,1.0,309,11,support,too expensive
A-ef84cf,Company_274,EdTech,US,2024-03-01,partner,Enterprise,8,False,False,5.0,34.8,4.333333333333333,1.0,309,11,unknown,switched to competitor
A-ef84cf,Company_274,EdTech,US,2024-03-01,partner,Enterprise,8,False,False,5.0,34.8,4.333333333333333,1.0,309,11,pricing,too expensive
A-d49cc5,Company_275,Cybersecurity,FR,2023-09-19,event,Basic,50,False,False,4.0,32.0,4.5,0.0,436,34,competitor,missing features
A-67be94,Company_276,EdTech,US,2023-04-04,organic,Enterprise,26,False,False,5.0,38.6,4.0,0.0,416,17,competitor,too expensive
A-67be94,Company_276,EdTech,US,2023-04-04,organic,Enterprise,26,False,False,5.0,38.6,4.0,0.0,416,17,support,missing features
A-4e960a,Company_277,FinTech,US,2024-01-17,other,Enterprise,12,True,True,6.0,29.166666666666668,4.0,0.0,512,21,Active,None
A-c37cab,Company_278,Cybersecurity,UK,2024-07-29,event,Pro,13,False,False,4.0,33.0,3.75,1.0,708,40,pricing,switched to competitor
A-c37cab,Company_278,Cybersecurity,UK,2024-07-29,event,Pro,13,False,False,4.0,33.0,3.75,1.0,708,40,competitor,missing features
A-533452,Company_279,DevTools,AU,2024-11-12,organic,Pro,9,False,False,4.0,32.75,4.0,0.0,595,44,features,None
A-533452,Company_279,DevTools,AU,2024-11-12,organic,Pro,9,False,False,4.0,32.75,4.0,0.0,595,44,pricing,missing features
A-533452,Company_279,DevTools,AU,2024-11-12,organic,Pro,9,False,False,4.0,32.75,4.0,0.0,595,44,features,missing features
A-533452,Company_279,DevTools,AU,2024-11-12,organic,Pro,9,False,False,4.0,32.75,4.0,0.0,595,44,support,missing features
A-443b7c,Company_280,Cybersecurity,US,2024-09-06,other,Enterprise,1,False,True,8.0,29.25,4.4,0.0,618,29,Active,None
A-1f7acb,Company_281,FinTech,UK,2023-08-06,ads,Basic,64,True,False,7.0,41.714285714285715,4.4,0.0,510,47,Active,None
A-f51f16,Company_282,HealthTech,US,2023-12-25,partner,Enterprise,1,False,False,4.0,29.25,3.0,0.0,384,28,competitor,too expensive
A-f51f16,Company_282,HealthTech,US,2023-12-25,partner,Enterprise,1,False,False,4.0,29.25,3.0,0.0,384,28,features,switched to competitor
A-5a3eb9,Company_283,DevTools,CA,2023-08-20,other,Enterprise,18,True,False,3.0,24.0,,0.0,722,34,pricing,missing features
A-5a3eb9,Company_283,DevTools,CA,2023-08-20,other,Enterprise,18,True,False,3.0,24.0,,0.0,722,34,competitor,missing features
A-5a3eb9,Company_283,DevTools,CA,2023-08-20,other,Enterprise,18,True,False,3.0,24.0,,0.0,722,34,features,None
A-5f2961,Company_284,HealthTech,US,2024-11-22,partner,Basic,4,False,False,1.0,53.0,,0.0,348,19,pricing,switched to competitor
A-417d2f,Company_285,Cybersecurity,IN,2023-07-04,partner,Pro,4,True,False,6.0,43.5,4.333333333333333,0.0,722,31,budget,missing features
A-e98302,Company_286,EdTech,US,2023-12-26,ads,Enterprise,16,True,False,9.0,44.44444444444444,4.142857142857143,0.0,273,18,Active,None
A-8bde0c,Company_287,DevTools,US,2024-11-04,organic,Basic,12,False,False,3.0,25.666666666666668,4.0,0.0,773,43,features,missing features
A-8bde0c,Company_287,DevTools,US,2024-11-04,organic,Basic,12,False,False,3.0,25.666666666666668,4.0,0.0,773,43,pricing,None
A-bcf87c,Company_288,FinTech,US,2024-06-27,event,Pro,10,False,True,2.0,63.0,4.0,0.0,503,19,Active,None
A-54ecc2,Company_289,Cybersecurity,US,2023-06-11,partner,Enterprise,4,False,False,5.0,37.4,5.0,0.0,607,39,unknown,missing features
A-54ecc2,Company_289,Cybersecurity,US,2023-06-11,partner,Enterprise,4,False,False,5.0,37.4,5.0,0.0,607,39,pricing,too expensive
A-54ecc2,Company_289,Cybersecurity,US,2023-06-11,partner,Enterprise,4,False,False,5.0,37.4,5.0,0.0,607,39,support,None
A-625d0b,Company_290,EdTech,AU,2024-09-02,ads,Basic,9,False,False,5.0,48.4,3.0,0.0,529,38,Active,None
A-fce879,Company_291,EdTech,UK,2024-09-24,partner,Pro,10,True,True,2.0,28.0,4.0,0.0,299,14,features,switched to competitor
A-fce879,Company_291,EdTech,UK,2024-09-24,partner,Pro,10,True,True,2.0,28.0,4.0,0.0,299,14,support,switched to competitor
A-b07b56,Company_292,DevTools,US,2024-11-08,event,Pro,25,False,True,4.0,31.25,3.0,0.0,633,39,budget,switched to competitor
A-6da850,Company_293,FinTech,IN,2023-10-07,organic,Pro,5,False,False,5.0,49.0,4.0,0.0,714,54,competitor,missing features
A-6da850,Company_293,FinTech,IN,2023-10-07,organic,Pro,5,False,False,5.0,49.0,4.0,0.0,714,54,pricing,too expensive
A-6da850,Company_293,FinTech,IN,2023-10-07,organic,Pro,5,False,False,5.0,49.0,4.0,0.0,714,54,budget,switched to competitor
A-342303,Company_294,EdTech,US,2024-03-16,other,Pro,1,True,False,3.0,29.333333333333332,4.5,0.0,141,5,features,switched to competitor
A-e7a1e2,Company_295,Cybersecurity,US,2024-06-23,event,Enterprise,3,False,False,1.0,45.0,4.0,0.0,703,36,support,missing features
A-e7a1e2,Company_295,Cybersecurity,US,2024-06-23,event,Enterprise,3,False,False,1.0,45.0,4.0,0.0,703,36,features,None
A-e7a1e2,Company_295,Cybersecurity,US,2024-06-23,event,Enterprise,3,False,False,1.0,45.0,4.0,0.0,703,36,budget,None
A-f1f639,Company_296,EdTech,US,2023-02-26,ads,Basic,2,False,False,7.0,20.0,4.8,0.0,139,10,budget,None
A-f1f639,Company_296,EdTech,US,2023-02-26,ads,Basic,2,False,False,7.0,20.0,4.8,0.0,139,10,competitor,missing features
A-a865bd,Company_297,Cybersecurity,US,2023-09-19,organic,Pro,38,False,False,2.0,31.5,3.0,0.0,230,13,unknown,None
A-a865bd,Company_297,Cybersecurity,US,2023-09-19,organic,Pro,38,False,False,2.0,31.5,3.0,0.0,230,13,unknown,missing features
A-4e631b,Company_298,FinTech,US,2024-03-16,other,Enterprise,22,False,False,2.0,24.5,4.0,0.0,502,29,Active,None
A-7f6b86,Company_299,HealthTech,US,2023-08-24,partner,Basic,45,True,True,7.0,40.42857142857143,3.6666666666666665,0.0,420,14,pricing,None
A-8adedc,Company_300,EdTech,US,2024-02-11,event,Basic,4,True,True,4.0,49.25,4.0,0.0,583,33,Active,None
A-2edab2,Company_301,HealthTech,US,2023-11-17,event,Enterprise,17,False,False,4.0,30.0,3.0,0.0,487,26,unknown,switched to competitor
A-2edab2,Company_301,HealthTech,US,2023-11-17,event,Enterprise,17,False,False,4.0,30.0,3.0,0.0,487,26,features,too expensive
A-149a69,Company_302,DevTools,US,2024-10-17,event,Basic,34,False,False,8.0,33.875,4.2,0.0,208,9,pricing,None
A-a6d261,Company_303,FinTech,CA,2023-11-29,other,Pro,9,False,False,4.0,40.0,4.666666666666667,1.0,627,29,unknown,missing features
A-443f6f,Company_304,Cybersecurity,US,2024-12-07,organic,Basic,19,False,False,4.0,28.0,4.666666666666667,0.0,527,28,Active,None
A-202b67,Company_305,HealthTech,US,2024-03-22,organic,Pro,11,False,False,4.0,36.75,4.666666666666667,0.0,447,40,pricing,None
A-202b67,Company_305,HealthTech,US,2024-03-22,organic,Pro,11,False,False,4.0,36.75,4.666666666666667,0.0,447,40,features,None
A-00bed1,Company_306,Cybersecurity,US,2023-11-14,ads,Basic,28,True,False,4.0,31.75,4.0,0.0,514,27,unknown,None
A-ffc04f,Company_307,EdTech,US,2024-06-06,ads,Pro,13,False,False,7.0,17.714285714285715,4.5,1.0,857,64,unknown,None
A-65c341,Company_308,FinTech,US,2023-12-26,ads,Pro,11,True,False,5.0,41.4,4.0,0.0,410,18,unknown,switched to competitor
A-65c341,Company_308,FinTech,US,2023-12-26,ads,Pro,11,True,False,5.0,41.4,4.0,0.0,410,18,support,too expensive
A-dcc2f0,Company_309,FinTech,UK,2023-07-22,organic,Basic,15,False,False,2.0,27.0,,0.0,833,26,features,None
A-ced9aa,Company_310,DevTools,US,2024-10-05,other,Enterprise,3,False,False,7.0,28.857142857142858,3.0,0.0,531,39,Active,None
A-3d957b,Company_311,HealthTech,UK,2024-04-04,other,Pro,14,False,False,3.0,41.333333333333336,3.0,0.0,143,13,budget,too expensive
A-89ee83,Company_312,Cybersecurity,US,2024-10-04,organic,Pro,1,False,True,5.0,21.8,4.0,1.0,565,26,Active,None
A-883b7d,Company_313,Cybersecurity,IN,2024-03-28,other,Basic,17,False,False,7.0,25.571428571428573,3.6,1.0,644,40,Active,None
A-dcc3f1,Company_314,HealthTech,US,2023-12-27,event,Pro,21,False,False,9.0,35.666666666666664,3.8,0.0,500,32,features,switched to competitor
A-dcc3f1,Company_314,HealthTech,US,2023-12-27,event,Pro,21,False,False,9.0,35.666666666666664,3.8,0.0,500,32,support,too expensive
A-c62e55,Company_315,EdTech,US,2023-02-08,partner,Basic,1,True,False,4.0,27.5,4.0,0.0,337,13,Active,None
A-e4144b,Company_316,EdTech,UK,2024-10-22,other,Pro,41,False,False,3.0,57.0,4.0,0.0,439,21,Active,None
A-e40f45,Company_317,HealthTech,US,2024-04-18,organic,Pro,21,False,False,7.0,26.714285714285715,4.333333333333333,0.0,401,26,budget,missing features
A-96215d,Company_318,FinTech,US,2024-08-08,event,Enterprise,10,False,False,1.0,25.0,3.0,0.0,347,21,Active,None
A-2b9d3e,Company_319,EdTech,US,2023-06-04,partner,Enterprise,1,False,False,3.0,34.666666666666664,5.0,0.0,444,19,Active,None
A-b7724f,Company_320,HealthTech,UK,2023-03-28,organic,Basic,1,False,False,3.0,28.666666666666668,3.0,0.0,380,16,competitor,switched to competitor
A-b7724f,Company_320,HealthTech,UK,2023-03-28,organic,Basic,1,False,False,3.0,28.666666666666668,3.0,0.0,380,16,support,missing features
A-b7724f,Company_320,HealthTech,UK,2023-03-28,organic,Basic,1,False,False,3.0,28.666666666666668,3.0,0.0,380,16,unknown,missing features
A-310452,Company_321,DevTools,FR,2024-12-25,other,Enterprise,9,False,False,5.0,34.2,3.6,0.0,268,16,budget,None
A-310452,Company_321,DevTools,FR,2024-12-25,other,Enterprise,9,False,False,5.0,34.2,3.6,0.0,268,16,budget,too expensive
A-eb1312,Company_322,FinTech,US,2024-09-16,partner,Pro,25,False,False,1.0,68.0,5.0,0.0,663,38,unknown,switched to competitor
A-eb1312,Company_322,FinTech,US,2024-09-16,partner,Pro,25,False,False,1.0,68.0,5.0,0.0,663,38,unknown,None
A-df1e44,Company_323,Cybersecurity,UK,2024-02-23,organic,Enterprise,12,False,False,2.0,53.0,5.0,0.0,420,14,budget,missing features
A-df1e44,Company_323,Cybersecurity,UK,2024-02-23,organic,Enterprise,12,False,False,2.0,53.0,5.0,0.0,420,14,budget,too expensive
A-6a7c9d,Company_324,Cybersecurity,US,2024-10-24,organic,Enterprise,26,False,True,3.0,34.333333333333336,4.0,0.0,189,6,support,too expensive
A-6a7c9d,Company_324,Cybersecurity,US,2024-10-24,organic,Enterprise,26,False,True,3.0,34.333333333333336,4.0,0.0,189,6,features,missing features
A-cbd1a3,Company_325,DevTools,US,2024-11-25,other,Basic,6,False,True,4.0,34.5,4.0,0.0,465,32,Active,None
A-a8d89d,Company_326,EdTech,US,2023-12-08,ads,Pro,13,False,False,2.0,44.5,5.0,0.0,551,26,features,switched to competitor
A-a8d89d,Company_326,EdTech,US,2023-12-08,ads,Pro,13,False,False,2.0,44.5,5.0,0.0,551,26,pricing,None
A-600734,Company_327,DevTools,US,2023-11-14,organic,Pro,29,True,True,7.0,52.57142857142857,3.6666666666666665,1.0,660,30,Active,None
A-86fc1d,Company_328,DevTools,UK,2024-07-26,partner,Basic,26,False,False,5.0,27.0,4.0,0.0,363,26,support,None
A-78f02b,Company_329,HealthTech,US,2024-11-17,event,Enterprise,11,False,False,4.0,45.75,4.0,0.0,211,16,unknown,missing features
A-78f02b,Company_329,HealthTech,US,2024-11-17,event,Enterprise,11,False,False,4.0,45.75,4.0,0.0,211,16,budget,too expensive
A-acb7f7,Company_330,EdTech,US,2024-01-06,ads,Basic,32,False,False,3.0,41.0,3.5,0.0,612,36,competitor,missing features
A-712f1c,Company_331,DevTools,US,2023-12-16,ads,Basic,17,False,True,6.0,41.666666666666664,4.0,0.0,631,34,budget,None
A-3793ee,Company_332,Cybersecurity,CA,2023-03-21,organic,Enterprise,49,True,False,4.0,43.75,4.0,0.0,352,11,unknown,None
A-9a532a,Company_333,HealthTech,US,2024-07-06,partner,Enterprise,11,False,False,2.0,57.5,,0.0,185,15,Active,None
A-2ebb4b,Company_334,HealthTech,US,2023-05-15,ads,Basic,41,False,False,2.0,43.5,3.0,0.0,488,33,features,missing features
A-2ebb4b,Company_334,HealthTech,US,2023-05-15,ads,Basic,41,False,False,2.0,43.5,3.0,0.0,488,33,pricing,missing features
A-2ebb4b,Company_334,HealthTech,US,2023-05-15,ads,Basic,41,False,False,2.0,43.5,3.0,0.0,488,33,pricing,missing features
A-6843f2,Company_335,HealthTech,CA,2024-12-10,ads,Enterprise,21,False,False,2.0,36.5,3.0,0.0,481,17,Active,None
A-c9bb3e,Company_336,EdTech,US,2024-03-24,ads,Pro,5,False,False,7.0,27.714285714285715,4.2,1.0,474,20,pricing,switched to competitor
A-c9bb3e,Company_336,EdTech,US,2024-03-24,ads,Pro,5,False,False,7.0,27.714285714285715,4.2,1.0,474,20,unknown,None
A-4814a3,Company_337,Cybersecurity,IN,2024-09-17,event,Basic,87,False,True,4.0,18.75,4.0,1.0,587,45,pricing,too expensive
A-b7b7b7,Company_338,FinTech,US,2024-06-30,event,Basic,24,False,True,3.0,17.0,5.0,0.0,571,26,Active,None
A-ccc747,Company_339,HealthTech,FR,2024-01-12,event,Pro,16,False,True,4.0,32.25,5.0,1.0,284,13,budget,switched to competitor
A-ccc747,Company_339,HealthTech,FR,2024-01-12,event,Pro,16,False,True,4.0,32.25,5.0,1.0,284,13,competitor,switched to competitor
A-ccc747,Company_339,HealthTech,FR,2024-01-12,event,Pro,16,False,True,4.0,32.25,5.0,1.0,284,13,budget,None
A-bb3bd4,Company_340,HealthTech,US,2024-01-27,ads,Basic,23,False,False,11.0,32.72727272727273,4.142857142857143,0.0,315,11,unknown,missing features
A-bb3bd4,Company_340,HealthTech,US,2024-01-27,ads,Basic,23,False,False,11.0,32.72727272727273,4.142857142857143,0.0,315,11,pricing,missing features
A-09316c,Company_341,FinTech,AU,2024-09-11,organic,Enterprise,70,False,False,4.0,54.75,3.75,1.0,566,31,unknown,switched to competitor
A-96bbc6,Company_342,Cybersecurity,US,2024-05-07,organic,Enterprise,39,False,False,3.0,51.333333333333336,3.3333333333333335,0.0,482,25,competitor,None
A-96bbc6,Company_342,Cybersecurity,US,2024-05-07,organic,Enterprise,39,False,False,3.0,51.333333333333336,3.3333333333333335,0.0,482,25,competitor,switched to competitor
A-96bbc6,Company_342,Cybersecurity,US,2024-05-07,organic,Enterprise,39,False,False,3.0,51.333333333333336,3.3333333333333335,0.0,482,25,budget,missing features
A-bc4d48,Company_343,EdTech,US,2024-06-12,ads,Pro,35,True,False,6.0,41.166666666666664,4.2,1.0,321,9,Active,None
A-b30291,Company_344,HealthTech,US,2024-04-05,event,Basic,5,True,True,1.0,16.0,,0.0,519,31,competitor,too expensive
A-cdf020,Company_345,DevTools,AU,2023-08-16,organic,Pro,23,False,False,4.0,29.5,4.0,0.0,379,18,budget,too expensive
A-cdf020,Company_345,DevTools,AU,2023-08-16,organic,Pro,23,False,False,4.0,29.5,4.0,0.0,379,18,support,too expensive
A-e6afc1,Company_346,DevTools,US,2023-02-24,ads,Pro,1,False,False,0.0,0.0,,0.0,679,30,Active,None
A-e3bd71,Company_347,Cybersecurity,US,2023-03-25,partner,Basic,31,False,False,4.0,30.25,4.0,0.0,638,27,support,switched to competitor
A-b179bf,Company_348,Cybersecurity,IN,2024-10-27,ads,Basic,43,False,False,6.0,24.666666666666668,4.0,0.0,398,18,features,None
A-b179bf,Company_348,Cybersecurity,IN,2024-10-27,ads,Basic,43,False,False,6.0,24.666666666666668,4.0,0.0,398,18,features,missing features
A-b179bf,Company_348,Cybersecurity,IN,2024-10-27,ads,Basic,43,False,False,6.0,24.666666666666668,4.0,0.0,398,18,support,too expensive
A-098560,Company_349,DevTools,UK,2023-10-21,ads,Enterprise,1,False,True,2.0,28.0,3.0,1.0,567,32,pricing,too expensive
A-098560,Company_349,DevTools,UK,2023-10-21,ads,Enterprise,1,False,True,2.0,28.0,3.0,1.0,567,32,support,too expensive
A-82861f,Company_350,DevTools,UK,2024-04-25,organic,Basic,41,False,False,5.0,24.4,3.2,0.0,462,43,support,None
A-94c3cd,Company_351,FinTech,CA,2023-09-20,other,Enterprise,32,False,False,4.0,44.75,3.5,1.0,306,18,Active,None
A-a33200,Company_352,HealthTech,US,2024-09-15,partner,Basic,29,False,False,3.0,36.333333333333336,4.5,0.0,517,26,features,too expensive
A-034368,Company_353,EdTech,US,2023-11-05,event,Enterprise,19,False,False,5.0,41.2,4.0,0.0,265,25,features,None
A-b54c01,Company_354,DevTools,US,2024-09-29,event,Enterprise,29,False,False,5.0,42.6,3.0,0.0,226,17,budget,too expensive
A-d82ef9,Company_355,EdTech,UK,2024-07-02,other,Basic,26,False,True,5.0,39.8,4.25,1.0,679,46,budget,switched to competitor
A-bb2f49,Company_356,Cybersecurity,US,2023-05-28,other,Pro,8,False,False,3.0,22.333333333333332,4.0,0.0,618,42,Active,None
A-1f559b,Company_357,HealthTech,US,2023-09-04,organic,Enterprise,5,True,True,5.0,50.4,4.2,0.0,400,27,features,None
A-5a215a,Company_358,EdTech,FR,2024-01-05,other,Enterprise,87,False,False,4.0,29.5,4.0,0.0,807,71,Active,None
A-3f9cc0,Company_359,HealthTech,US,2024-06-03,event,Basic,22,False,False,5.0,34.8,4.5,1.0,407,24,budget,switched to competitor
A-3f9cc0,Company_359,HealthTech,US,2024-06-03,event,Basic,22,False,False,5.0,34.8,4.5,1.0,407,24,features,None
A-3f9cc0,Company_359,HealthTech,US,2024-06-03,event,Basic,22,False,False,5.0,34.8,4.5,1.0,407,24,pricing,too expensive
A-f9cc74,Company_360,DevTools,FR,2024-10-12,partner,Enterprise,30,True,False,6.0,49.833333333333336,4.0,0.0,484,22,Active,None
A-ed510f,Company_361,Cybersecurity,IN,2023-01-17,partner,Basic,42,False,False,9.0,44.55555555555556,4.0,0.0,493,28,budget,too expensive
A-5c9849,Company_362,EdTech,IN,2024-11-03,partner,Basic,19,False,False,4.0,59.5,,1.0,473,23,unknown,too expensive
A-a7bd4b,Company_363,Cybersecurity,US,2023-02-15,ads,Enterprise,5,False,False,6.0,36.833333333333336,3.25,0.0,576,37,features,too expensive
A-d4ac0e,Company_364,DevTools,UK,2024-04-20,ads,Basic,18,False,False,4.0,21.0,3.5,0.0,793,53,Active,None
A-ffdfd5,Company_365,EdTech,US,2024-04-13,organic,Basic,3,False,True,0.0,0.0,,0.0,529,28,features,missing features
A-0dbdc6,Company_366,Cybersecurity,DE,2023-02-12,other,Pro,30,False,True,4.0,47.0,5.0,0.0,512,31,pricing,too expensive
A-0dbdc6,Company_366,Cybersecurity,DE,2023-02-12,other,Pro,30,False,True,4.0,47.0,5.0,0.0,512,31,support,missing features
A-7cfe77,Company_367,DevTools,US,2024-07-10,ads,Pro,69,False,False,7.0,30.714285714285715,3.5,0.0,205,11,features,missing features
A-7cfe77,Company_367,DevTools,US,2024-07-10,ads,Pro,69,False,False,7.0,30.714285714285715,3.5,0.0,205,11,unknown,None
A-1f0636,Company_368,EdTech,AU,2024-01-01,partner,Pro,105,False,False,2.0,38.5,3.5,0.0,685,30,Active,None
A-40de06,Company_369,Cybersecurity,US,2023-05-08,event,Enterprise,28,False,True,3.0,40.333333333333336,4.0,0.0,902,43,Active,None
A-cb5333,Company_370,DevTools,US,2024-03-26,ads,Pro,33,False,False,4.0,30.75,3.0,0.0,796,34,features,too expensive
A-309e54,Company_371,DevTools,US,2024-12-09,other,Pro,15,False,False,5.0,23.8,3.0,0.0,509,24,support,missing features
A-6e7827,Company_372,DevTools,US,2023-03-26,other,Basic,1,False,False,2.0,51.0,3.5,0.0,419,31,features,missing features
A-6e7827,Company_372,DevTools,US,2023-03-26,other,Basic,1,False,False,2.0,51.0,3.5,0.0,419,31,support,switched to competitor
A-50bb9f,Company_373,Cybersecurity,US,2024-07-12,organic,Pro,2,False,False,7.0,33.285714285714285,4.0,0.0,276,15,unknown,too expensive
A-50bb9f,Company_373,Cybersecurity,US,2024-07-12,organic,Pro,2,False,False,7.0,33.285714285714285,4.0,0.0,276,15,unknown,too expensive
A-5fe118,Company_374,Cybersecurity,US,2024-11-07,other,Enterprise,39,False,False,1.0,19.0,4.0,0.0,233,12,features,None
A-5247b3,Company_375,FinTech,UK,2024-03-12,partner,Pro,16,True,False,5.0,45.8,4.0,0.0,610,29,pricing,None
A-5247b3,Company_375,FinTech,UK,2024-03-12,partner,Pro,16,True,False,5.0,45.8,4.0,0.0,610,29,support,missing features
A-f44180,Company_376,Cybersecurity,UK,2023-02-13,event,Pro,9,False,False,2.0,46.5,5.0,0.0,520,22,competitor,too expensive
A-c16cf7,Company_377,EdTech,US,2024-10-16,event,Pro,13,True,False,3.0,48.333333333333336,3.5,0.0,577,26,support,too expensive
A-c16cf7,Company_377,EdTech,US,2024-10-16,event,Pro,13,True,False,3.0,48.333333333333336,3.5,0.0,577,26,budget,None
A-d42431,Company_378,FinTech,FR,2024-06-09,ads,Enterprise,22,True,False,4.0,24.25,4.0,0.0,457,34,pricing,missing features
A-d42431,Company_378,FinTech,FR,2024-06-09,ads,Enterprise,22,True,False,4.0,24.25,4.0,0.0,457,34,budget,switched to competitor
A-6965e1,Company_379,DevTools,US,2024-11-25,organic,Basic,13,False,False,3.0,39.0,3.0,0.0,627,29,features,None
A-6965e1,Company_379,DevTools,US,2024-11-25,organic,Basic,13,False,False,3.0,39.0,3.0,0.0,627,29,unknown,switched to competitor
A-6965e1,Company_379,DevTools,US,2024-11-25,organic,Basic,13,False,False,3.0,39.0,3.0,0.0,627,29,budget,None
A-0354fe,Company_380,Cybersecurity,US,2024-10-22,other,Basic,34,False,False,4.0,20.0,4.0,0.0,463,30,support,switched to competitor
A-0354fe,Company_380,Cybersecurity,US,2024-10-22,other,Basic,34,False,False,4.0,20.0,4.0,0.0,463,30,unknown,switched to competitor
A-0a62f5,Company_381,FinTech,UK,2024-09-11,partner,Pro,16,False,False,2.0,33.5,,0.0,244,7,features,switched to competitor
A-0a62f5,Company_381,FinTech,UK,2024-09-11,partner,Pro,16,False,False,2.0,33.5,,0.0,244,7,pricing,switched to competitor
A-0a62f5,Company_381,FinTech,UK,2024-09-11,partner,Pro,16,False,False,2.0,33.5,,0.0,244,7,budget,switched to competitor
A-0a62f5,Company_381,FinTech,UK,2024-09-11,partner,Pro,16,False,False,2.0,33.5,,0.0,244,7,support,too expensive
A-0a62f5,Company_381,FinTech,UK,2024-09-11,partner,Pro,16,False,False,2.0,33.5,,0.0,244,7,budget,None
A-f5641b,Company_382,EdTech,US,2024-03-30,other,Pro,31,False,False,4.0,47.5,3.0,1.0,438,18,features,too expensive
A-f5641b,Company_382,EdTech,US,2024-03-30,other,Pro,31,False,False,4.0,47.5,3.0,1.0,438,18,pricing,too expensive
A-b44e3e,Company_383,Cybersecurity,UK,2024-02-12,ads,Basic,40,False,False,3.0,40.0,4.333333333333333,0.0,387,13,unknown,switched to competitor
A-3b37d9,Company_384,FinTech,US,2023-01-27,event,Enterprise,23,False,False,5.0,36.0,4.5,0.0,451,21,support,switched to competitor
A-3b37d9,Company_384,FinTech,US,2023-01-27,event,Enterprise,23,False,False,5.0,36.0,4.5,0.0,451,21,budget,None
A-54d94a,Company_385,Cybersecurity,IN,2023-05-01,event,Basic,27,False,False,4.0,53.75,3.5,0.0,582,28,Active,None
A-7f29a7,Company_386,Cybersecurity,UK,2024-09-18,event,Basic,41,True,False,1.0,24.0,4.0,0.0,619,38,unknown,switched to competitor
A-089363,Company_387,FinTech,AU,2023-05-06,event,Basic,2,False,False,3.0,35.0,3.6666666666666665,0.0,628,33,pricing,switched to competitor
A-524364,Company_388,DevTools,FR,2024-12-31,partner,Enterprise,3,False,False,3.0,47.666666666666664,4.333333333333333,0.0,237,24,Active,None
A-855a48,Company_389,EdTech,US,2023-12-22,partner,Pro,14,True,False,5.0,39.6,3.6666666666666665,0.0,448,16,unknown,too expensive
A-756192,Company_390,FinTech,IN,2023-06-11,other,Basic,19,False,False,3.0,37.333333333333336,4.0,0.0,617,43,Active,None
A-49b828,Company_391,FinTech,IN,2023-05-05,ads,Pro,6,False,False,3.0,13.666666666666666,3.5,1.0,687,45,Active,None
A-c7ffc2,Company_392,Cybersecurity,US,2023-01-27,partner,Pro,30,True,False,2.0,64.0,3.0,0.0,640,28,features,missing features
A-c7ffc2,Company_392,Cybersecurity,US,2023-01-27,partner,Pro,30,True,False,2.0,64.0,3.0,0.0,640,28,budget,too expensive
A-751c58,Company_393,FinTech,UK,2024-07-18,organic,Basic,15,False,False,5.0,39.6,4.333333333333333,0.0,574,12,budget,missing features
A-751c58,Company_393,FinTech,UK,2024-07-18,organic,Basic,15,False,False,5.0,39.6,4.333333333333333,0.0,574,12,budget,switched to competitor
A-751c58,Company_393,FinTech,UK,2024-07-18,organic,Basic,15,False,False,5.0,39.6,4.333333333333333,0.0,574,12,budget,too expensive
A-72799b,Company_394,DevTools,FR,2023-11-13,event,Enterprise,20,False,True,2.0,33.5,4.5,1.0,550,34,pricing,switched to competitor
A-812c5b,Company_395,DevTools,CA,2024-02-25,organic,Basic,55,False,True,4.0,27.0,4.0,0.0,866,46,support,missing features
A-69b156,Company_396,EdTech,US,2023-11-21,other,Pro,7,False,True,7.0,32.0,4.0,0.0,360,20,Active,None
A-075038,Company_397,HealthTech,UK,2023-05-12,ads,Basic,17,False,False,2.0,43.5,3.0,0.0,743,31,features,None
A-940b8b,Company_398,HealthTech,DE,2024-03-19,organic,Basic,1,False,False,3.0,41.333333333333336,4.0,0.0,362,32,Active,None
A-2d1036,Company_399,FinTech,US,2024-06-14,ads,Pro,69,False,True,5.0,37.8,4.6,1.0,692,40,pricing,switched to competitor
A-2d1036,Company_399,FinTech,US,2024-06-14,ads,Pro,69,False,True,5.0,37.8,4.6,1.0,692,40,budget,missing features
A-0f6450,Company_400,FinTech,US,2024-12-27,other,Pro,28,True,True,8.0,29.75,3.8333333333333335,1.0,539,39,competitor,missing features
A-0f6450,Company_400,FinTech,US,2024-12-27,other,Pro,28,True,True,8.0,29.75,3.8333333333333335,1.0,539,39,competitor,None
A-9affe6,Company_401,Cybersecurity,US,2023-03-22,other,Pro,7,False,False,3.0,58.0,3.0,0.0,473,16,features,missing features
A-80eeb6,Company_402,Cybersecurity,UK,2023-05-09,organic,Enterprise,22,False,False,4.0,40.25,3.6666666666666665,1.0,725,43,features,missing features
A-80eeb6,Company_402,Cybersecurity,UK,2023-05-09,organic,Enterprise,22,False,False,4.0,40.25,3.6666666666666665,1.0,725,43,budget,too expensive
A-d4e0d4,Company_403,FinTech,US,2024-10-18,other,Basic,117,False,False,4.0,39.25,4.0,0.0,488,33,Active,None
A-c7e58b,Company_404,HealthTech,IN,2023-06-25,other,Pro,3,False,False,5.0,30.6,3.5,0.0,343,18,Active,None
A-016043,Company_405,EdTech,CA,2024-07-31,organic,Basic,4,True,False,3.0,30.333333333333332,4.0,0.0,490,21,competitor,switched to competitor
A-bbe56f,Company_406,HealthTech,US,2023-02-16,ads,Enterprise,21,False,False,4.0,26.25,4.0,0.0,232,8,Active,None
A-7c5768,Company_407,HealthTech,UK,2024-03-02,event,Enterprise,3,False,False,5.0,28.8,4.0,0.0,461,31,Active,None
A-751bd4,Company_408,Cybersecurity,UK,2024-07-12,partner,Pro,10,False,False,6.0,23.166666666666668,4.25,1.0,92,0,budget,None
A-4e0e85,Company_409,DevTools,US,2023-09-08,organic,Enterprise,6,False,False,2.0,53.0,5.0,0.0,288,9,pricing,None
A-4e0e85,Company_409,DevTools,US,2023-09-08,organic,Enterprise,6,False,False,2.0,53.0,5.0,0.0,288,9,competitor,too expensive
A-ad3abd,Company_410,FinTech,US,2023-03-03,event,Pro,44,False,False,3.0,13.0,3.0,0.0,296,11,competitor,None
A-e19ff6,Company_411,Cybersecurity,UK,2023-07-28,partner,Enterprise,1,False,False,3.0,30.666666666666668,4.666666666666667,0.0,456,24,unknown,missing features
A-e19ff6,Company_411,Cybersecurity,UK,2023-07-28,partner,Enterprise,1,False,False,3.0,30.666666666666668,4.666666666666667,0.0,456,24,pricing,switched to competitor
A-e19ff6,Company_411,Cybersecurity,UK,2023-07-28,partner,Enterprise,1,False,False,3.0,30.666666666666668,4.666666666666667,0.0,456,24,competitor,switched to competitor
A-7920cc,Company_412,Cybersecurity,FR,2023-11-23,ads,Pro,39,False,False,7.0,32.857142857142854,4.333333333333333,0.0,601,28,Active,None
A-5a92e7,Company_413,HealthTech,US,2024-06-11,ads,Pro,4,False,False,7.0,45.0,4.4,0.0,885,76,budget,missing features
A-5a92e7,Company_413,HealthTech,US,2024-06-11,ads,Pro,4,False,False,7.0,45.0,4.4,0.0,885,76,features,missing features
A-fdfc91,Company_414,Cybersecurity,US,2023-05-06,ads,Basic,29,False,False,5.0,28.8,3.6666666666666665,0.0,564,29,Active,None
A-1e50e0,Company_415,Cybersecurity,DE,2023-02-21,other,Pro,19,True,True,2.0,20.5,5.0,1.0,194,15,budget,switched to competitor
A-1e50e0,Company_415,Cybersecurity,DE,2023-02-21,other,Pro,19,True,True,2.0,20.5,5.0,1.0,194,15,pricing,switched to competitor
A-1e1b80,Company_416,FinTech,CA,2023-09-12,other,Enterprise,50,False,False,6.0,43.0,3.2,0.0,682,47,features,switched to competitor
A-1e1b80,Company_416,FinTech,CA,2023-09-12,other,Enterprise,50,False,False,6.0,43.0,3.2,0.0,682,47,competitor,None
A-1e1b80,Company_416,FinTech,CA,2023-09-12,other,Enterprise,50,False,False,6.0,43.0,3.2,0.0,682,47,competitor,missing features
A-659280,Company_417,FinTech,IN,2023-11-17,event,Enterprise,13,True,True,4.0,8.0,4.333333333333333,0.0,613,34,pricing,switched to competitor
A-659280,Company_417,FinTech,IN,2023-11-17,event,Enterprise,13,True,True,4.0,8.0,4.333333333333333,0.0,613,34,features,too expensive
A-f6b2fb,Company_418,DevTools,AU,2024-04-23,event,Basic,23,False,False,5.0,55.0,4.0,1.0,524,37,support,None
A-cb6cc6,Company_419,DevTools,US,2023-04-03,ads,Basic,13,True,False,3.0,16.333333333333332,3.5,0.0,314,26,Active,None
A-d62e02,Company_420,Cybersecurity,US,2024-08-20,partner,Pro,6,False,False,1.0,36.0,4.0,0.0,344,23,Active,None
A-d535f6,Company_421,DevTools,US,2024-09-03,organic,Basic,12,True,True,0.0,0.0,,0.0,477,29,features,switched to competitor
A-d535f6,Company_421,DevTools,US,2024-09-03,organic,Basic,12,True,True,0.0,0.0,,0.0,477,29,unknown,missing features
A-39868b,Company_422,FinTech,AU,2024-03-17,partner,Pro,9,False,False,6.0,39.0,4.25,0.0,305,21,budget,too expensive
A-39868b,Company_422,FinTech,AU,2024-03-17,partner,Pro,9,False,False,6.0,39.0,4.25,0.0,305,21,unknown,None
A-3cc791,Company_423,EdTech,US,2024-01-10,other,Enterprise,6,False,False,6.0,48.333333333333336,4.25,1.0,447,30,features,None
A-337bc1,Company_424,Cybersecurity,US,2023-07-19,organic,Pro,30,True,False,4.0,32.5,4.0,1.0,425,34,support,too expensive
A-337bc1,Company_424,Cybersecurity,US,2023-07-19,organic,Pro,30,True,False,4.0,32.5,4.0,1.0,425,34,unknown,missing features
A-58b9ff,Company_425,DevTools,IN,2024-05-31,partner,Enterprise,2,False,False,2.0,66.0,4.0,1.0,667,32,pricing,too expensive
A-bf7919,Company_426,HealthTech,US,2024-11-27,organic,Pro,3,False,False,2.0,14.5,5.0,0.0,262,14,support,None
A-bf7919,Company_426,HealthTech,US,2024-11-27,organic,Pro,3,False,False,2.0,14.5,5.0,0.0,262,14,features,too expensive
A-1d5444,Company_427,Cybersecurity,US,2024-01-18,partner,Basic,24,False,True,2.0,30.0,4.0,0.0,592,35,support,too expensive
A-0f3e88,Company_428,HealthTech,US,2023-07-23,other,Basic,7,False,True,3.0,48.0,4.5,0.0,598,28,budget,missing features
A-7641d3,Company_429,EdTech,US,2023-02-16,partner,Pro,8,True,True,5.0,45.2,4.333333333333333,2.0,519,26,unknown,missing features
A-7641d3,Company_429,EdTech,US,2023-02-16,partner,Pro,8,True,True,5.0,45.2,4.333333333333333,2.0,519,26,support,missing features
A-cd458b,Company_430,DevTools,US,2024-06-15,other,Basic,10,True,False,5.0,38.4,4.6,0.0,864,45,budget,switched to competitor
A-c16b88,Company_431,HealthTech,US,2023-12-02,event,Enterprise,23,False,False,3.0,48.333333333333336,3.0,0.0,457,24,competitor,switched to competitor
A-59f724,Company_432,HealthTech,US,2023-11-03,other,Enterprise,3,True,False,4.0,19.25,4.25,0.0,696,47,Active,None
A-87aa7b,Company_433,HealthTech,US,2024-05-16,organic,Pro,24,True,False,3.0,27.333333333333332,,1.0,742,35,budget,switched to competitor
A-87aa7b,Company_433,HealthTech,US,2024-05-16,organic,Pro,24,True,False,3.0,27.333333333333332,,1.0,742,35,pricing,missing features
A-87aa7b,Company_433,HealthTech,US,2024-05-16,organic,Pro,24,True,False,3.0,27.333333333333332,,1.0,742,35,budget,None
A-1e6fc3,Company_434,EdTech,FR,2023-12-06,other,Pro,1,False,False,5.0,23.8,3.6666666666666665,0.0,244,19,pricing,switched to competitor
A-39ddf4,Company_435,EdTech,US,2024-12-05,partner,Enterprise,40,False,False,5.0,23.0,4.25,0.0,455,36,support,None
A-34ea2f,Company_436,HealthTech,US,2024-08-15,organic,Enterprise,8,False,True,8.0,35.25,3.8,0.0,550,30,unknown,None
A-34ea2f,Company_436,HealthTech,US,2024-08-15,organic,Enterprise,8,False,True,8.0,35.25,3.8,0.0,550,30,unknown,too expensive
A-716841,Company_437,FinTech,US,2024-05-06,other,Pro,45,False,False,5.0,29.8,4.0,0.0,344,13,unknown,too expensive
A-558c72,Company_438,FinTech,US,2023-06-01,organic,Basic,12,False,False,4.0,64.25,4.5,1.0,296,16,support,switched to competitor
A-b11cd0,Company_439,DevTools,US,2023-01-20,ads,Pro,26,True,True,4.0,38.5,4.0,0.0,278,16,Active,None
A-cc1d8d,Company_440,FinTech,US,2024-12-08,other,Pro,5,False,False,5.0,30.2,4.5,0.0,618,48,features,too expensive
A-cc1d8d,Company_440,FinTech,US,2024-12-08,other,Pro,5,False,False,5.0,30.2,4.5,0.0,618,48,unknown,too expensive
A-7f4db3,Company_441,FinTech,US,2023-03-05,other,Pro,4,False,False,5.0,16.6,3.25,1.0,844,46,support,missing features
A-db5e9e,Company_442,DevTools,US,2024-11-09,partner,Basic,4,False,False,2.0,66.0,5.0,0.0,586,27,pricing,missing features
A-cc102e,Company_443,HealthTech,US,2024-04-15,partner,Enterprise,13,False,False,4.0,33.25,4.333333333333333,0.0,394,39,unknown,switched to competitor
A-cc102e,Company_443,HealthTech,US,2024-04-15,partner,Enterprise,13,False,False,4.0,33.25,4.333333333333333,0.0,394,39,pricing,too expensive
A-cc102e,Company_443,HealthTech,US,2024-04-15,partner,Enterprise,13,False,False,4.0,33.25,4.333333333333333,0.0,394,39,pricing,switched to competitor
A-82d8a6,Company_444,Cybersecurity,UK,2024-11-28,ads,Basic,5,False,False,5.0,42.2,3.5,0.0,661,38,features,switched to competitor
A-dec005,Company_445,HealthTech,US,2023-10-13,partner,Pro,21,False,False,2.0,59.0,3.0,0.0,475,44,support,missing features
A-5790f4,Company_446,FinTech,UK,2024-12-22,event,Pro,1,True,False,4.0,44.0,4.0,1.0,321,26,support,too expensive
A-5790f4,Company_446,FinTech,UK,2024-12-22,event,Pro,1,True,False,4.0,44.0,4.0,1.0,321,26,features,switched to competitor
A-5790f4,Company_446,FinTech,UK,2024-12-22,event,Pro,1,True,False,4.0,44.0,4.0,1.0,321,26,competitor,too expensive
A-7c83a1,Company_447,Cybersecurity,US,2024-05-06,partner,Pro,12,False,False,4.0,42.0,4.0,0.0,632,23,unknown,None
A-297a2d,Company_448,HealthTech,UK,2023-05-05,event,Pro,27,False,False,2.0,32.5,3.0,0.0,244,22,Active,None
A-4c56c9,Company_449,FinTech,US,2023-12-20,partner,Enterprise,9,False,True,5.0,38.6,3.75,0.0,623,38,budget,missing features
A-cbbe12,Company_450,Cybersecurity,DE,2023-03-22,partner,Enterprise,40,False,False,6.0,38.0,4.25,0.0,178,10,Active,None
A-4a267b,Company_451,FinTech,US,2024-05-05,other,Pro,25,False,False,4.0,16.25,4.333333333333333,0.0,498,22,support,missing features
A-bcbe98,Company_452,Cybersecurity,US,2024-07-29,other,Enterprise,46,False,False,7.0,38.285714285714285,4.0,1.0,635,43,competitor,missing features
A-427b69,Company_453,FinTech,US,2024-08-23,other,Basic,17,False,False,2.0,31.5,3.0,0.0,698,36,Active,None
A-0be015,Company_454,FinTech,US,2024-10-15,event,Pro,19,False,False,7.0,40.285714285714285,4.2,1.0,297,13,unknown,too expensive
A-054577,Company_455,EdTech,UK,2024-04-28,ads,Basic,2,False,False,1.0,46.0,4.0,0.0,833,52,Active,None
A-bc87bc,Company_456,FinTech,US,2024-07-17,event,Pro,3,False,False,7.0,40.57142857142857,3.75,0.0,394,14,Active,None
A-0f7d77,Company_457,FinTech,IN,2024-10-28,partner,Pro,3,False,False,5.0,27.2,5.0,0.0,298,19,competitor,missing features
A-e7beab,Company_458,EdTech,DE,2023-10-20,organic,Enterprise,5,False,False,6.0,36.666666666666664,4.0,0.0,373,17,features,missing features
A-a09355,Company_459,FinTech,US,2024-08-10,organic,Basic,14,False,False,5.0,32.6,4.0,0.0,788,47,support,None
A-a09355,Company_459,FinTech,US,2024-08-10,organic,Basic,14,False,False,5.0,32.6,4.0,0.0,788,47,support,None
A-31ab9a,Company_460,FinTech,DE,2024-03-03,organic,Pro,3,False,False,7.0,43.142857142857146,3.5,0.0,340,23,competitor,too expensive
A-31ab9a,Company_460,FinTech,DE,2024-03-03,organic,Pro,3,False,False,7.0,43.142857142857146,3.5,0.0,340,23,budget,switched to competitor
A-0158bb,Company_461,FinTech,DE,2024-05-22,partner,Basic,5,False,False,1.0,32.0,3.0,0.0,364,22,Active,None
A-f19b24,Company_462,Cybersecurity,US,2023-01-10,organic,Pro,29,True,False,2.0,35.5,4.0,1.0,119,10,Active,None
A-798a3f,Company_463,DevTools,FR,2023-10-19,other,Enterprise,12,False,True,5.0,33.0,4.0,0.0,352,19,support,None
A-42b791,Company_464,FinTech,AU,2024-05-20,event,Pro,3,False,False,3.0,33.666666666666664,4.0,0.0,312,6,Active,None
A-068fc6,Company_465,EdTech,US,2023-07-17,event,Enterprise,35,False,False,5.0,38.8,4.333333333333333,0.0,598,29,Active,None
A-6f50ae,Company_466,FinTech,US,2023-09-21,partner,Pro,19,False,True,5.0,31.0,4.5,0.0,811,48,features,None
A-6f50ae,Company_466,FinTech,US,2023-09-21,partner,Pro,19,False,True,5.0,31.0,4.5,0.0,811,48,unknown,missing features
A-a2485e,Company_467,FinTech,US,2024-08-04,event,Pro,3,True,False,0.0,0.0,,0.0,317,13,Active,None
A-bb1eaa,Company_468,Cybersecurity,US,2024-06-11,organic,Basic,21,False,False,6.0,23.5,4.5,0.0,164,7,pricing,too expensive
A-cc98bc,Company_469,DevTools,US,2023-05-24,ads,Basic,32,False,False,3.0,4.666666666666667,4.0,0.0,551,24,Active,None
A-d77f4c,Company_470,DevTools,US,2023-09-25,partner,Pro,4,True,False,2.0,31.0,4.0,0.0,617,32,unknown,None
A-d77f4c,Company_470,DevTools,US,2023-09-25,partner,Pro,4,True,False,2.0,31.0,4.0,0.0,617,32,unknown,too expensive
A-d77f4c,Company_470,DevTools,US,2023-09-25,partner,Pro,4,True,False,2.0,31.0,4.0,0.0,617,32,budget,too expensive
A-ccabf0,Company_471,HealthTech,IN,2023-11-06,organic,Pro,1,False,False,4.0,46.25,3.6666666666666665,0.0,506,29,features,too expensive
A-ccabf0,Company_471,HealthTech,IN,2023-11-06,organic,Pro,1,False,False,4.0,46.25,3.6666666666666665,0.0,506,29,competitor,too expensive
A-700ade,Company_472,Cybersecurity,UK,2024-10-31,organic,Enterprise,1,True,False,4.0,30.25,4.666666666666667,0.0,284,18,Active,None
A-4a4c2d,Company_473,DevTools,US,2023-05-02,event,Enterprise,54,False,False,5.0,42.0,4.25,0.0,587,37,Active,None
A-b7ef83,Company_474,Cybersecurity,UK,2024-05-29,partner,Pro,1,True,False,2.0,47.5,4.0,0.0,738,39,budget,missing features
A-b7ef83,Company_474,Cybersecurity,UK,2024-05-29,partner,Pro,1,True,False,2.0,47.5,4.0,0.0,738,39,unknown,too expensive
A-e08cd3,Company_475,FinTech,US,2024-09-21,ads,Pro,67,True,False,8.0,30.375,4.0,0.0,432,21,competitor,switched to competitor
A-e08cd3,Company_475,FinTech,US,2024-09-21,ads,Pro,67,True,False,8.0,30.375,4.0,0.0,432,21,features,too expensive
A-19b2c8,Company_476,DevTools,IN,2023-06-06,other,Pro,20,False,False,3.0,29.333333333333332,4.666666666666667,0.0,601,34,pricing,missing features
A-970c97,Company_477,HealthTech,DE,2024-03-01,other,Enterprise,14,False,False,1.0,61.0,5.0,0.0,444,24,Active,None
A-6dee43,Company_478,FinTech,UK,2023-08-12,other,Basic,3,True,False,5.0,44.2,4.333333333333333,0.0,461,11,pricing,switched to competitor
A-5ed98d,Company_479,DevTools,US,2024-06-22,partner,Basic,24,False,False,5.0,35.8,5.0,0.0,312,18,features,missing features
A-5ed98d,Company_479,DevTools,US,2024-06-22,partner,Basic,24,False,False,5.0,35.8,5.0,0.0,312,18,competitor,missing features
A-c58f49,Company_480,EdTech,US,2024-07-31,other,Enterprise,70,True,False,3.0,36.333333333333336,5.0,1.0,363,22,competitor,too expensive
A-c58f49,Company_480,EdTech,US,2024-07-31,other,Enterprise,70,True,False,3.0,36.333333333333336,5.0,1.0,363,22,support,switched to competitor
A-c58f49,Company_480,EdTech,US,2024-07-31,other,Enterprise,70,True,False,3.0,36.333333333333336,5.0,1.0,363,22,unknown,too expensive
A-9c18c4,Company_481,HealthTech,US,2023-07-27,ads,Pro,11,False,True,4.0,42.25,4.0,0.0,556,37,Active,None
A-cc8c8f,Company_482,DevTools,US,2024-06-16,ads,Enterprise,23,False,False,2.0,14.5,3.5,0.0,268,18,budget,missing features
A-5f7781,Company_483,DevTools,US,2024-08-20,other,Pro,22,False,False,2.0,28.5,4.0,0.0,183,10,pricing,None
A-e1b9cd,Company_484,DevTools,US,2023-02-26,event,Pro,40,False,True,1.0,35.0,3.0,0.0,840,47,unknown,switched to competitor
A-ac85cd,Company_485,EdTech,US,2024-07-31,partner,Enterprise,53,False,False,3.0,33.666666666666664,3.5,0.0,634,29,features,None
A-ac85cd,Company_485,EdTech,US,2024-07-31,partner,Enterprise,53,False,False,3.0,33.666666666666664,3.5,0.0,634,29,pricing,None
A-d792a6,Company_486,DevTools,US,2023-01-23,organic,Enterprise,4,False,False,5.0,40.6,4.0,0.0,690,40,support,missing features
A-d792a6,Company_486,DevTools,US,2023-01-23,organic,Enterprise,4,False,False,5.0,40.6,4.0,0.0,690,40,competitor,too expensive
A-ac9111,Company_487,HealthTech,US,2023-08-12,event,Pro,21,True,False,3.0,24.666666666666668,5.0,0.0,808,46,budget,missing features
A-18793f,Company_488,EdTech,US,2024-12-18,organic,Basic,148,True,False,5.0,45.2,3.8,0.0,486,20,support,None
A-9f0b68,Company_489,EdTech,US,2024-04-28,ads,Basic,10,False,False,3.0,30.333333333333332,3.0,0.0,709,33,features,too expensive
A-9f0b68,Company_489,EdTech,US,2024-04-28,ads,Basic,10,False,False,3.0,30.333333333333332,3.0,0.0,709,33,pricing,None
A-d3c88e,Company_490,DevTools,US,2024-10-18,event,Pro,16,False,False,3.0,58.0,4.0,0.0,644,48,support,too expensive
A-ccb686,Company_491,DevTools,US,2024-01-22,other,Basic,10,False,False,1.0,67.0,4.0,0.0,721,46,budget,None
A-ccb686,Company_491,DevTools,US,2024-01-22,other,Basic,10,False,False,1.0,67.0,4.0,0.0,721,46,competitor,None
A-ccb686,Company_491,DevTools,US,2024-01-22,other,Basic,10,False,False,1.0,67.0,4.0,0.0,721,46,unknown,switched to competitor
A-118f1c,Company_492,Cybersecurity,US,2024-10-31,other,Pro,32,False,False,1.0,64.0,3.0,0.0,369,14,budget,None
A-0e966d,Company_493,FinTech,IN,2024-06-25,ads,Basic,11,False,True,3.0,31.666666666666668,4.5,1.0,636,34,Active,None
A-b9f5b1,Company_494,Cybersecurity,US,2023-01-24,other,Pro,15,True,False,6.0,31.833333333333332,3.3333333333333335,1.0,307,12,features,switched to competitor
A-8ae3fc,Company_495,DevTools,CA,2024-06-28,ads,Pro,9,False,False,4.0,39.5,3.5,0.0,402,30,budget,None
A-55f257,Company_496,FinTech,US,2023-12-21,organic,Basic,9,False,False,6.0,43.166666666666664,5.0,0.0,476,25,Active,None
A-d26ab4,Company_497,DevTools,UK,2024-11-07,organic,Basic,9,False,True,2.0,49.5,4.0,0.0,458,24,pricing,too expensive
A-712533,Company_498,EdTech,US,2023-07-31,organic,Pro,18,False,False,5.0,37.4,3.75,0.0,571,35,unknown,missing features
A-781cc0,Company_499,EdTech,US,2024-09-04,organic,Pro,12,False,False,4.0,57.5,3.6666666666666665,0.0,864,42,budget,too expensive
A-781cc0,Company_499,EdTech,US,2024-09-04,organic,Pro,12,False,False,4.0,57.5,3.6666666666666665,0.0,864,42,support,None
